user_id,monthly_spend,purchase_count_per_month,average_purchase_amount,online_purchase_ratio,electronics_spend_ratio,fashion_spend_ratio,food_spend_ratio,home_spend_ratio,other_spend_ratio
U0001,29585.26,43,688.03,0.432,0.103,0.165,0.506,0.118,0.107
U0002,16300.09,22,740.91,0.721,0.16,0.173,0.308,0.15,0.209
U0003,18221.55,21,867.69,0.918,0.149,0.555,0.1,0.105,0.092
U0004,32485.12,50,649.7,0.432,0.041,0.09,0.531,0.097,0.241
U0005,17413.98,7,2487.71,0.694,0.454,0.108,0.136,0.174,0.128
U0006,34714.68,30,1157.16,0.762,0.094,0.154,0.504,0.116,0.133
U0007,35947.74,19,1891.99,0.834,0.075,0.482,0.183,0.141,0.12
U0008,83194.99,14,5942.5,0.655,0.494,0.055,0.201,0.129,0.12
U0009,18262.78,54,338.2,0.747,0.091,0.147,0.559,0.102,0.1
U0010,15417.51,12,1284.79,0.697,0.187,0.165,0.392,0.087,0.169
U0011,58979.88,13,4536.91,0.763,0.566,0.112,0.129,0.058,0.134
U0012,7514.9,18,417.49,0.487,0.142,0.072,0.371,0.161,0.254
U0013,72618.3,4,18154.57,0.819,0.468,0.035,0.19,0.186,0.12
U0014,11923.69,21,567.79,0.713,0.195,0.054,0.252,0.082,0.418
U0015,74903.42,10,7490.34,0.777,0.51,0.106,0.184,0.079,0.12
U0016,136284.12,12,11357.01,0.698,0.222,0.275,0.099,0.217,0.187
U0017,38470.88,14,2747.92,0.663,0.124,0.384,0.179,0.173,0.14
U0018,71666.02,7,10238.0,0.892,0.485,0.13,0.144,0.121,0.12
U0019,17469.34,32,545.92,0.469,0.112,0.145,0.511,0.096,0.136
U0020,42468.74,15,2831.25,0.686,0.145,0.346,0.21,0.179,0.12
U0021,87359.03,5,17471.81,0.857,0.519,0.147,0.135,0.089,0.11
U0022,34721.61,33,1052.17,0.602,0.094,0.154,0.622,0.037,0.094
U0023,32434.41,20,1621.72,0.808,0.08,0.426,0.222,0.151,0.12
U0024,64964.82,6,10827.47,0.825,0.395,0.125,0.1,0.104,0.276
U0025,15977.14,47,339.94,0.722,0.1,0.056,0.528,0.099,0.217
U0026,170538.11,13,13118.32,0.525,0.326,0.134,0.145,0.291,0.104
U0027,15291.61,33,463.38,0.372,0.086,0.056,0.42,0.123,0.315
U0028,29894.3,42,711.77,0.55,0.044,0.095,0.658,0.087,0.116
U0029,121582.6,10,12158.26,0.88,0.331,0.164,0.154,0.23,0.12
U0030,29102.11,10,2910.21,0.747,0.158,0.474,0.171,0.077,0.12
U0031,74710.29,14,5336.45,0.79,0.435,0.042,0.233,0.096,0.194
U0032,23076.9,16,1442.31,0.869,0.061,0.508,0.203,0.109,0.12
U0033,11534.6,15,768.97,0.643,0.121,0.394,0.208,0.157,0.12
U0034,183365.64,7,26195.09,0.591,0.278,0.207,0.198,0.143,0.174
U0035,33188.99,4,8297.25,0.699,0.542,0.069,0.167,0.103,0.12
U0036,33280.83,17,1957.7,0.642,0.071,0.454,0.179,0.05,0.247
U0037,29244.92,4,7311.23,0.608,0.424,0.137,0.167,0.152,0.12
U0038,15470.81,23,672.64,0.632,0.145,0.147,0.436,0.078,0.194
U0039,96704.11,5,19340.82,0.693,0.205,0.293,0.076,0.281,0.144
U0040,65874.99,9,7319.44,0.764,0.572,0.065,0.17,0.073,0.12
U0041,144188.01,7,20598.29,0.637,0.297,0.217,0.158,0.181,0.146
U0042,19235.95,13,1479.69,0.767,0.053,0.456,0.196,0.106,0.19
U0043,47075.65,19,2477.67,0.613,0.139,0.489,0.155,0.097,0.12
U0044,31532.68,24,1313.86,0.873,0.061,0.546,0.167,0.1,0.126
U0045,47103.03,14,3364.5,0.75,0.116,0.441,0.184,0.139,0.12
U0046,5631.73,34,165.64,0.584,0.171,0.109,0.367,0.189,0.164
U0047,6408.48,18,356.03,0.456,0.083,0.157,0.282,0.054,0.425
U0048,18104.09,20,905.2,0.623,0.124,0.155,0.508,0.094,0.12
U0049,36577.01,24,1524.04,0.659,0.157,0.464,0.132,0.127,0.12
U0050,30752.6,20,1537.63,0.84,0.088,0.44,0.211,0.141,0.12
U0051,18866.59,11,1715.14,0.919,0.12,0.437,0.184,0.139,0.12
U0052,23817.38,11,2165.22,0.618,0.111,0.585,0.131,0.053,0.12
U0053,23739.51,21,1130.45,0.552,0.1,0.143,0.581,0.091,0.085
U0054,49730.23,19,2617.38,0.734,0.08,0.517,0.104,0.18,0.12
U0055,37798.9,12,3149.91,0.852,0.411,0.082,0.199,0.18,0.129
U0056,60722.47,15,4048.16,0.715,0.442,0.103,0.212,0.124,0.12
U0057,7915.93,19,416.63,0.519,0.138,0.082,0.353,0.083,0.345
U0058,7152.62,28,255.45,0.463,0.088,0.061,0.447,0.105,0.298
U0059,27318.71,9,3035.41,0.699,0.521,0.062,0.167,0.139,0.11
U0060,46363.91,13,3566.45,0.671,0.392,0.125,0.22,0.143,0.12
U0061,66854.39,4,16713.6,0.772,0.489,0.081,0.163,0.146,0.12
U0062,27695.36,44,629.44,0.623,0.056,0.138,0.679,0.031,0.097
U0063,42912.5,14,3065.18,0.843,0.1,0.514,0.192,0.074,0.12
U0064,115600.42,18,6422.25,0.815,0.424,0.155,0.063,0.238,0.12
U0065,129936.45,13,9995.11,0.805,0.351,0.141,0.125,0.269,0.114
U0066,19724.73,35,563.56,0.772,0.102,0.128,0.531,0.049,0.19
U0067,144706.07,7,20672.3,0.83,0.295,0.21,0.152,0.142,0.201
U0068,16947.47,21,807.02,0.563,0.128,0.121,0.299,0.148,0.303
U0069,25739.79,29,887.58,0.615,0.044,0.1,0.628,0.108,0.12
U0070,29116.21,48,606.59,0.774,0.074,0.056,0.641,0.074,0.155
U0071,12150.57,54,225.01,0.618,0.084,0.056,0.513,0.066,0.281
U0072,69401.97,5,13880.39,0.564,0.547,0.062,0.184,0.087,0.12
U0073,17791.66,4,4447.92,0.674,0.545,0.093,0.093,0.149,0.12
U0074,41480.67,21,1975.27,0.924,0.112,0.445,0.182,0.14,0.12
U0075,41370.1,9,4596.68,0.884,0.587,0.088,0.137,0.086,0.101
U0076,25550.56,31,824.21,0.49,0.107,0.156,0.452,0.084,0.201
U0077,51683.17,4,12920.79,0.864,0.441,0.034,0.164,0.117,0.244
U0078,16177.26,17,951.6,0.38,0.152,0.185,0.351,0.124,0.189
U0079,89356.02,7,12765.15,0.832,0.563,0.054,0.122,0.142,0.12
U0080,127532.09,17,7501.89,0.776,0.252,0.288,0.166,0.107,0.188
U0081,135383.69,12,11281.97,0.677,0.332,0.231,0.12,0.2,0.117
U0082,15984.24,52,307.39,0.757,0.116,0.145,0.514,0.128,0.097
U0083,57186.85,7,8169.55,0.877,0.537,0.073,0.164,0.106,0.12
U0084,9910.88,12,825.91,0.667,0.092,0.15,0.387,0.156,0.215
U0085,32051.85,22,1456.9,0.77,0.074,0.126,0.584,0.095,0.12
U0086,42801.74,18,2377.87,0.753,0.09,0.425,0.135,0.174,0.175
U0087,17790.29,14,1270.73,0.611,0.181,0.108,0.259,0.104,0.349
U0088,112118.71,17,6595.22,0.729,0.204,0.231,0.156,0.244,0.164
U0089,11883.0,27,440.11,0.357,0.058,0.055,0.39,0.087,0.41
U0090,16003.91,14,1143.14,0.718,0.125,0.152,0.44,0.187,0.095
U0091,159615.79,15,10641.05,0.453,0.234,0.167,0.131,0.264,0.204
U0092,11855.4,29,408.81,0.537,0.119,0.153,0.582,0.026,0.12
U0093,54247.36,12,4520.61,0.732,0.424,0.063,0.159,0.193,0.161
U0094,11965.32,21,569.78,0.352,0.169,0.075,0.272,0.125,0.36
U0095,33603.65,23,1461.03,0.707,0.101,0.574,0.125,0.081,0.12
U0096,36375.81,17,2139.75,0.772,0.119,0.51,0.128,0.13,0.113
U0097,42315.42,5,8463.08,0.755,0.403,0.125,0.217,0.135,0.12
U0098,8244.17,17,484.95,0.586,0.052,0.175,0.433,0.13,0.209
U0099,11028.27,25,441.13,0.545,0.034,0.156,0.58,0.111,0.12
U0100,185341.54,14,13238.68,0.559,0.333,0.19,0.156,0.2,0.12
U0101,27370.6,12,2280.88,0.788,0.543,0.111,0.096,0.13,0.12
U0102,45179.05,18,2509.95,0.936,0.064,0.501,0.183,0.131,0.12
U0103,85603.81,8,10700.48,0.812,0.381,0.252,0.099,0.148,0.12
U0104,169340.9,9,18815.66,0.828,0.322,0.191,0.132,0.235,0.12
U0105,15347.55,10,1534.75,0.887,0.43,0.058,0.177,0.179,0.157
U0106,13888.13,9,1543.13,0.809,0.075,0.528,0.152,0.124,0.12
U0107,114392.97,6,19065.5,0.882,0.32,0.207,0.149,0.204,0.12
U0108,57198.43,11,5199.86,0.82,0.51,0.09,0.188,0.054,0.158
U0109,19902.75,23,865.34,0.817,0.082,0.39,0.242,0.086,0.201
U0110,52141.83,8,6517.73,0.745,0.552,0.046,0.138,0.144,0.12
U0111,18391.45,20,919.57,0.757,0.154,0.467,0.11,0.07,0.198
U0112,12359.59,29,426.19,0.497,0.06,0.098,0.371,0.141,0.33
U0113,5353.29,29,184.6,0.628,0.052,0.051,0.362,0.197,0.337
U0114,7813.0,32,244.16,0.633,0.056,0.127,0.333,0.165,0.319
U0115,172857.17,6,28809.53,0.779,0.26,0.148,0.066,0.293,0.234
U0116,7466.93,19,393.0,0.492,0.163,0.107,0.406,0.161,0.162
U0117,29447.44,36,817.98,0.504,0.106,0.142,0.474,0.139,0.138
U0118,20434.18,36,567.62,0.487,0.058,0.182,0.506,0.105,0.149
U0119,9752.63,30,325.09,0.457,0.099,0.105,0.632,0.077,0.087
U0120,195230.19,15,13015.35,0.48,0.314,0.13,0.177,0.285,0.094
U0121,36777.03,15,2451.8,0.861,0.111,0.491,0.175,0.103,0.12
U0122,169969.39,10,16996.94,0.471,0.411,0.165,0.149,0.121,0.154
U0123,11322.88,26,435.5,0.71,0.078,0.074,0.432,0.191,0.225
U0124,28703.32,42,683.41,0.667,0.048,0.087,0.662,0.109,0.094
U0125,22573.04,23,981.44,0.929,0.114,0.477,0.121,0.169,0.12
U0126,35527.87,5,7105.57,0.564,0.42,0.147,0.186,0.124,0.124
U0127,44787.23,24,1866.13,0.714,0.05,0.463,0.205,0.162,0.12
U0128,43404.75,8,5425.59,0.749,0.125,0.486,0.133,0.136,0.12
U0129,33635.88,20,1681.79,0.923,0.109,0.479,0.137,0.155,0.12
U0130,39464.05,17,2321.41,0.857,0.083,0.384,0.147,0.136,0.251
U0131,25980.93,20,1299.05,0.848,0.06,0.576,0.183,0.061,0.12
U0132,44422.14,14,3173.01,0.936,0.09,0.429,0.185,0.179,0.117
U0133,15549.77,43,361.62,0.55,0.07,0.168,0.583,0.059,0.12
U0134,13070.96,31,421.64,0.397,0.183,0.173,0.406,0.134,0.104
U0135,87542.36,7,12506.05,0.83,0.394,0.108,0.123,0.255,0.12
U0136,58283.27,9,6475.92,0.63,0.467,0.092,0.175,0.147,0.12
U0137,144462.36,18,8025.69,0.827,0.399,0.125,0.166,0.19,0.12
U0138,46675.15,11,4243.2,0.658,0.156,0.427,0.125,0.136,0.155
U0139,12438.38,23,540.8,0.523,0.134,0.19,0.301,0.165,0.211
U0140,20702.55,41,504.94,0.787,0.032,0.082,0.622,0.136,0.128
U0141,55764.22,8,6970.53,0.637,0.373,0.23,0.141,0.136,0.12
U0142,136178.03,9,15130.89,0.83,0.311,0.253,0.137,0.179,0.12
U0143,19342.67,9,2149.19,0.698,0.445,0.13,0.215,0.091,0.12
U0144,19765.6,20,988.28,0.719,0.095,0.178,0.524,0.084,0.12
U0145,52088.75,10,5208.87,0.773,0.333,0.241,0.156,0.15,0.12
U0146,4448.27,29,153.39,0.731,0.073,0.132,0.287,0.168,0.34
U0147,11873.57,33,359.81,0.711,0.192,0.174,0.266,0.143,0.224
U0148,13323.52,13,1024.89,0.884,0.141,0.433,0.167,0.138,0.12
U0149,21921.05,10,2192.1,0.686,0.476,0.042,0.205,0.157,0.12
U0150,132181.53,9,14686.84,0.745,0.405,0.175,0.166,0.135,0.12
U0151,13864.08,28,495.15,0.655,0.126,0.173,0.377,0.148,0.176
U0152,80718.39,5,16143.68,0.897,0.423,0.13,0.211,0.116,0.12
U0153,65633.72,9,7292.64,0.455,0.219,0.275,0.103,0.174,0.229
U0154,17325.89,22,787.54,0.78,0.144,0.105,0.469,0.106,0.176
U0155,103928.54,15,6928.57,0.618,0.43,0.105,0.189,0.182,0.094
U0156,102462.36,17,6027.2,0.499,0.217,0.218,0.17,0.191,0.205
U0157,30967.16,15,2064.48,0.875,0.146,0.457,0.108,0.169,0.12
U0158,103614.98,6,17269.16,0.479,0.386,0.246,0.076,0.172,0.12
U0159,22014.7,29,759.13,0.689,0.12,0.099,0.54,0.121,0.12
U0160,181714.63,6,30285.77,0.482,0.283,0.238,0.148,0.211,0.12
U0161,50065.86,17,2945.05,0.829,0.282,0.282,0.181,0.131,0.124
U0162,202685.85,7,28955.12,0.683,0.2,0.154,0.115,0.125,0.406
U0163,28227.44,42,672.08,0.727,0.085,0.154,0.473,0.054,0.234
U0164,57979.67,6,9663.28,0.708,0.253,0.242,0.123,0.187,0.196
U0165,205287.04,18,11404.84,0.642,0.426,0.215,0.059,0.181,0.12
U0166,190629.81,7,27232.83,0.706,0.316,0.117,0.162,0.277,0.128
U0167,27126.25,5,5425.25,0.826,0.506,0.09,0.17,0.114,0.12
U0168,193538.26,13,14887.56,0.711,0.439,0.26,0.086,0.094,0.12
U0169,10148.36,26,390.32,0.604,0.188,0.172,0.423,0.129,0.088
U0170,43011.93,8,5376.49,0.917,0.154,0.443,0.147,0.136,0.12
U0171,23985.83,13,1845.06,0.771,0.056,0.37,0.168,0.097,0.31
U0172,30029.51,26,1154.98,0.494,0.066,0.119,0.674,0.032,0.109
U0173,116941.6,14,8352.97,0.457,0.208,0.211,0.123,0.103,0.356
U0174,19284.2,7,2754.89,0.633,0.466,0.035,0.111,0.173,0.215
U0175,8082.38,26,310.86,0.608,0.085,0.071,0.613,0.111,0.12
U0176,8723.92,29,300.82,0.715,0.166,0.088,0.315,0.15,0.282
U0177,21667.96,23,942.09,0.828,0.122,0.453,0.145,0.159,0.12
U0178,27952.97,40,698.82,0.776,0.118,0.112,0.55,0.1,0.12
U0179,69862.95,5,13972.59,0.763,0.512,0.089,0.163,0.116,0.12
U0180,13680.82,23,594.82,0.62,0.117,0.565,0.163,0.05,0.105
U0181,17970.7,24,748.78,0.71,0.113,0.182,0.475,0.11,0.12
U0182,39198.75,14,2799.91,0.691,0.486,0.06,0.211,0.155,0.089
U0183,5531.02,13,425.46,0.471,0.083,0.129,0.288,0.153,0.347
U0184,11211.62,32,350.36,0.405,0.07,0.097,0.417,0.059,0.357
U0185,71775.12,10,7177.51,0.505,0.23,0.215,0.172,0.12,0.263
U0186,106981.81,7,15283.12,0.579,0.375,0.204,0.07,0.23,0.12
U0187,31197.21,36,866.59,0.51,0.046,0.066,0.57,0.082,0.237
U0188,44728.4,13,3440.65,0.95,0.173,0.34,0.222,0.145,0.12
U0189,89425.85,15,5961.72,0.886,0.549,0.108,0.166,0.057,0.12
U0190,42369.65,20,2118.48,0.948,0.125,0.416,0.213,0.126,0.12
U0191,41147.41,15,2743.16,0.835,0.538,0.083,0.2,0.059,0.12
U0192,33386.29,9,3709.59,0.758,0.464,0.095,0.15,0.169,0.122
U0193,219976.46,18,12220.91,0.582,0.24,0.126,0.08,0.123,0.43
U0194,31541.03,5,6308.21,0.612,0.56,0.067,0.158,0.096,0.119
U0195,127361.72,8,15920.22,0.621,0.39,0.178,0.097,0.216,0.12
U0196,24119.4,39,618.45,0.526,0.058,0.135,0.652,0.035,0.12
U0197,23248.02,8,2906.0,0.597,0.432,0.083,0.154,0.197,0.134
U0198,71680.69,18,3982.26,0.541,0.411,0.178,0.147,0.168,0.096
U0199,57340.95,5,11468.19,0.876,0.616,0.08,0.155,0.062,0.087
U0200,54458.6,7,7779.8,0.628,0.434,0.076,0.111,0.109,0.27
U0201,85259.86,5,17051.97,0.631,0.376,0.205,0.151,0.148,0.12
U0202,13111.46,25,524.46,0.405,0.173,0.119,0.371,0.184,0.153
U0203,81801.87,10,8180.19,0.599,0.42,0.068,0.206,0.186,0.12
U0204,12005.71,19,631.88,0.707,0.171,0.193,0.323,0.073,0.241
U0205,204769.77,18,11376.1,0.626,0.338,0.169,0.114,0.28,0.098
U0206,34254.04,22,1557.0,0.787,0.052,0.054,0.609,0.115,0.17
U0207,14029.86,31,452.58,0.646,0.106,0.08,0.273,0.085,0.455
U0208,25424.02,47,540.94,0.76,0.034,0.068,0.451,0.089,0.357
U0209,47729.32,9,5303.26,0.789,0.51,0.055,0.147,0.051,0.237
U0210,191005.94,9,21222.88,0.507,0.305,0.155,0.196,0.232,0.112
U0211,45784.21,6,7630.7,0.588,0.481,0.103,0.153,0.143,0.12
U0212,35487.19,9,3943.02,0.613,0.558,0.034,0.19,0.097,0.12
U0213,147455.12,11,13405.01,0.762,0.339,0.153,0.114,0.155,0.239
U0214,156158.64,13,12012.2,0.832,0.427,0.121,0.151,0.18,0.12
U0215,16159.09,22,734.5,0.385,0.17,0.18,0.418,0.099,0.132
U0216,55247.1,16,3452.94,0.552,0.228,0.153,0.057,0.114,0.447
U0217,76619.46,6,12769.91,0.526,0.315,0.241,0.081,0.164,0.199
U0218,57287.05,7,8183.86,0.863,0.472,0.071,0.202,0.135,0.12
U0219,40306.56,12,3358.88,0.624,0.546,0.084,0.124,0.117,0.129
U0220,30264.77,4,7566.19,0.868,0.401,0.097,0.204,0.186,0.112
U0221,9017.89,34,265.23,0.68,0.129,0.089,0.381,0.089,0.313
U0222,8883.85,26,341.69,0.445,0.098,0.107,0.371,0.069,0.355
U0223,14408.69,14,1029.19,0.532,0.096,0.113,0.397,0.112,0.282
U0224,11094.67,33,336.2,0.572,0.094,0.126,0.277,0.161,0.342
U0225,23319.33,12,1943.28,0.732,0.475,0.091,0.187,0.126,0.12
U0226,87735.04,8,10966.88,0.765,0.52,0.136,0.087,0.158,0.099
U0227,25779.46,5,5155.89,0.784,0.54,0.118,0.104,0.118,0.12
U0228,12446.22,25,497.85,0.51,0.151,0.108,0.322,0.178,0.24
U0229,15967.31,29,550.6,0.536,0.101,0.178,0.408,0.1,0.212
U0230,16107.16,26,619.51,0.396,0.132,0.157,0.269,0.102,0.341
U0231,81930.09,17,4819.42,0.675,0.314,0.237,0.056,0.225,0.168
U0232,28842.81,46,627.02,0.7,0.046,0.155,0.587,0.096,0.117
U0233,17108.38,46,371.92,0.792,0.095,0.114,0.523,0.131,0.136
U0234,16623.02,31,536.23,0.432,0.13,0.063,0.563,0.124,0.12
U0235,20755.02,34,610.44,0.613,0.046,0.181,0.617,0.072,0.085
U0236,7402.39,15,493.49,0.46,0.105,0.052,0.325,0.064,0.454
U0237,11243.73,13,864.9,0.458,0.18,0.082,0.263,0.087,0.388
U0238,15585.82,14,1113.27,0.584,0.05,0.121,0.303,0.1,0.426
U0239,151776.73,13,11675.13,0.503,0.253,0.223,0.073,0.164,0.287
U0240,192663.78,17,11333.16,0.53,0.374,0.133,0.121,0.183,0.19
U0241,57030.72,18,3168.37,0.475,0.262,0.181,0.092,0.132,0.333
U0242,21148.08,36,587.45,0.436,0.131,0.077,0.502,0.118,0.172
U0243,12947.78,45,287.73,0.651,0.084,0.14,0.547,0.109,0.12
U0244,8093.86,31,261.09,0.512,0.164,0.146,0.322,0.115,0.253
U0245,13850.72,15,923.38,0.587,0.14,0.085,0.384,0.072,0.319
U0246,96893.16,6,16148.86,0.554,0.3,0.198,0.094,0.162,0.246
U0247,9628.23,26,370.32,0.504,0.12,0.063,0.415,0.068,0.334
U0248,41986.13,16,2624.13,0.739,0.158,0.397,0.199,0.111,0.135
U0249,64173.33,10,6417.33,0.688,0.4,0.036,0.219,0.143,0.202
U0250,43780.57,11,3980.05,0.744,0.097,0.442,0.205,0.134,0.123
U0251,8808.71,21,419.46,0.453,0.028,0.148,0.643,0.061,0.12
U0252,8491.23,24,353.8,0.62,0.147,0.163,0.273,0.128,0.289
U0253,30253.17,16,1890.82,0.863,0.153,0.483,0.175,0.069,0.12
U0254,12641.54,15,842.77,0.533,0.132,0.119,0.33,0.161,0.258
U0255,64207.57,12,5350.63,0.634,0.47,0.136,0.19,0.084,0.12
U0256,179606.27,8,22450.78,0.681,0.283,0.235,0.157,0.206,0.12
U0257,28920.63,24,1205.03,0.682,0.08,0.507,0.199,0.095,0.12
U0258,11381.5,20,569.07,0.644,0.105,0.376,0.244,0.163,0.112
U0259,61556.11,5,12311.22,0.576,0.519,0.059,0.12,0.182,0.12
U0260,13663.21,14,975.94,0.442,0.157,0.184,0.401,0.129,0.129
U0261,67869.1,9,7541.01,0.522,0.437,0.163,0.17,0.109,0.12
U0262,137593.26,6,22932.21,0.527,0.412,0.246,0.112,0.11,0.12
U0263,12055.7,31,388.89,0.377,0.187,0.118,0.301,0.119,0.275
U0264,21000.66,28,750.02,0.441,0.032,0.129,0.598,0.121,0.12
U0265,20818.65,24,867.44,0.715,0.166,0.392,0.145,0.176,0.12
U0266,23485.84,49,479.3,0.496,0.114,0.047,0.61,0.109,0.12
U0267,101302.59,11,9209.33,0.853,0.41,0.185,0.079,0.14,0.186
U0268,59555.58,9,6617.29,0.718,0.529,0.078,0.182,0.092,0.12
U0269,74651.36,10,7465.14,0.846,0.614,0.052,0.143,0.071,0.12
U0270,17221.65,8,2152.71,0.921,0.06,0.501,0.213,0.106,0.12
U0271,48700.81,24,2029.2,0.93,0.162,0.487,0.105,0.149,0.097
U0272,14865.52,27,550.57,0.408,0.081,0.078,0.621,0.1,0.12
U0273,110772.84,11,10070.26,0.507,0.367,0.171,0.102,0.119,0.241
U0274,49154.12,16,3072.13,0.924,0.065,0.481,0.145,0.104,0.204
U0275,14800.8,23,643.51,0.532,0.192,0.164,0.308,0.144,0.192
U0276,12314.61,23,535.42,0.628,0.105,0.159,0.36,0.197,0.179
U0277,16713.28,26,642.82,0.642,0.074,0.198,0.411,0.093,0.224
U0278,70539.32,15,4702.62,0.826,0.466,0.088,0.147,0.165,0.134
U0279,16531.74,28,590.42,0.378,0.15,0.092,0.312,0.101,0.345
U0280,13539.23,47,288.07,0.711,0.119,0.113,0.53,0.119,0.12
U0281,31211.14,50,624.22,0.763,0.059,0.141,0.621,0.06,0.12
U0282,37813.21,4,9453.3,0.602,0.565,0.1,0.113,0.132,0.09
U0283,13051.53,20,652.58,0.476,0.059,0.194,0.411,0.164,0.173
U0284,10871.16,17,639.48,0.663,0.131,0.471,0.2,0.078,0.12
U0285,11098.47,13,853.73,0.729,0.083,0.523,0.194,0.08,0.12
U0286,16093.99,18,894.11,0.648,0.063,0.47,0.112,0.174,0.181
U0287,128731.96,15,8582.13,0.636,0.385,0.141,0.106,0.248,0.12
U0288,30912.13,51,606.12,0.637,0.083,0.084,0.479,0.082,0.272
U0289,25573.43,35,730.67,0.71,0.08,0.092,0.571,0.137,0.12
U0290,4631.27,13,356.25,0.482,0.066,0.115,0.378,0.129,0.312
U0291,11167.06,12,930.59,0.681,0.101,0.444,0.229,0.057,0.169
U0292,8871.95,31,286.19,0.634,0.178,0.115,0.354,0.162,0.19
U0293,7149.28,15,476.62,0.675,0.184,0.147,0.329,0.141,0.2
U0294,12828.73,52,246.71,0.588,0.068,0.071,0.642,0.1,0.12
U0295,23325.3,42,555.36,0.799,0.084,0.154,0.505,0.137,0.12
U0296,14725.85,54,272.7,0.793,0.12,0.188,0.534,0.037,0.12
U0297,14574.25,34,428.65,0.73,0.049,0.156,0.47,0.031,0.294
U0298,11305.39,19,595.02,0.822,0.085,0.387,0.23,0.144,0.154
U0299,6173.6,12,514.47,0.667,0.086,0.095,0.319,0.165,0.335
U0300,7720.39,25,308.82,0.374,0.171,0.052,0.366,0.171,0.239
U0301,16528.08,31,533.16,0.515,0.078,0.182,0.315,0.166,0.258
U0302,33612.29,54,622.45,0.776,0.131,0.113,0.498,0.049,0.208
U0303,46194.48,20,2309.72,0.653,0.133,0.425,0.184,0.138,0.12
U0304,22804.42,16,1425.28,0.799,0.123,0.38,0.14,0.161,0.196
U0305,14581.9,16,911.37,0.394,0.178,0.076,0.394,0.056,0.296
U0306,8645.62,31,278.89,0.473,0.182,0.088,0.368,0.105,0.258
U0307,71411.21,11,6491.93,0.784,0.457,0.108,0.182,0.133,0.12
U0308,21932.86,17,1290.17,0.878,0.127,0.376,0.215,0.162,0.12
U0309,17494.77,16,1093.42,0.462,0.14,0.055,0.271,0.105,0.429
U0310,15255.89,23,663.3,0.495,0.1,0.057,0.45,0.107,0.286
U0311,127075.85,7,18153.69,0.888,0.408,0.277,0.072,0.136,0.106
U0312,45070.74,17,2651.22,0.877,0.083,0.455,0.112,0.184,0.165
U0313,17388.98,31,560.93,0.525,0.101,0.119,0.378,0.115,0.287
U0314,19383.75,28,692.28,0.715,0.134,0.086,0.497,0.071,0.21
U0315,121476.16,14,8676.87,0.678,0.333,0.194,0.14,0.213,0.12
U0316,140051.48,13,10773.19,0.747,0.336,0.208,0.108,0.228,0.12
U0317,13011.83,23,565.73,0.875,0.079,0.509,0.178,0.114,0.12
U0318,105325.16,19,5543.43,0.463,0.378,0.257,0.123,0.121,0.122
U0319,30517.5,48,635.78,0.629,0.046,0.116,0.654,0.085,0.101
U0320,12648.7,31,408.02,0.53,0.102,0.146,0.372,0.102,0.279
U0321,108338.33,8,13542.29,0.681,0.395,0.291,0.096,0.117,0.101
U0322,128002.05,19,6736.95,0.653,0.403,0.258,0.081,0.137,0.12
U0323,10056.75,21,478.89,0.624,0.162,0.102,0.343,0.139,0.254
U0324,12943.91,20,647.2,0.925,0.137,0.409,0.103,0.098,0.254
U0325,60665.12,9,6740.57,0.725,0.414,0.152,0.083,0.265,0.085
U0326,44279.19,5,8855.84,0.863,0.423,0.079,0.212,0.124,0.162
U0327,34084.19,47,725.2,0.499,0.111,0.123,0.499,0.087,0.181
U0328,30879.84,36,857.77,0.405,0.037,0.116,0.628,0.136,0.083
U0329,216933.46,14,15495.25,0.465,0.287,0.19,0.16,0.109,0.254
U0330,73592.3,11,6690.21,0.728,0.596,0.065,0.134,0.108,0.097
U0331,20983.77,20,1049.19,0.622,0.109,0.379,0.163,0.051,0.297
U0332,76364.17,5,15272.83,0.689,0.335,0.217,0.084,0.142,0.222
U0333,85647.33,11,7786.12,0.84,0.56,0.086,0.108,0.126,0.12
U0334,19634.68,47,417.76,0.412,0.106,0.144,0.47,0.079,0.2
U0335,202794.15,14,14485.3,0.827,0.266,0.268,0.085,0.254,0.127
U0336,142169.99,8,17771.25,0.848,0.434,0.114,0.065,0.267,0.12
U0337,193443.35,13,14880.26,0.6,0.404,0.18,0.082,0.132,0.201
U0338,82747.14,9,9194.13,0.543,0.44,0.138,0.117,0.186,0.12
U0339,20190.1,35,576.86,0.755,0.035,0.175,0.484,0.113,0.192
U0340,36423.75,15,2428.25,0.609,0.647,0.053,0.114,0.066,0.12
U0341,27652.03,48,576.08,0.423,0.031,0.122,0.606,0.121,0.12
U0342,131306.4,7,18758.06,0.802,0.484,0.219,0.074,0.113,0.11
U0343,14457.77,46,314.3,0.476,0.089,0.11,0.512,0.059,0.23
U0344,7327.44,26,281.82,0.71,0.132,0.102,0.254,0.123,0.389
U0345,107110.83,7,15301.55,0.62,0.395,0.197,0.051,0.238,0.12
U0346,27633.63,8,3454.2,0.84,0.546,0.055,0.167,0.132,0.1
U0347,219479.23,15,14631.95,0.519,0.213,0.207,0.196,0.242,0.142
U0348,16238.84,54,300.72,0.61,0.1,0.086,0.685,0.045,0.085
U0349,135339.87,6,22556.65,0.698,0.207,0.182,0.163,0.291,0.157
U0350,198640.79,10,19864.08,0.701,0.245,0.225,0.154,0.2,0.177
U0351,148358.05,8,18544.76,0.639,0.333,0.185,0.122,0.241,0.12
U0352,84020.34,16,5251.27,0.665,0.277,0.195,0.105,0.211,0.212
U0353,9999.19,13,769.17,0.5,0.143,0.199,0.301,0.07,0.286
U0354,19198.59,45,426.64,0.767,0.119,0.137,0.551,0.061,0.132
U0355,92852.19,8,11606.52,0.671,0.31,0.241,0.124,0.104,0.221
U0356,15683.23,39,402.13,0.678,0.096,0.121,0.549,0.114,0.12
U0357,193179.97,11,17561.82,0.804,0.227,0.137,0.119,0.227,0.289
U0358,12924.88,12,1077.07,0.708,0.095,0.052,0.389,0.077,0.387
U0359,16169.3,16,1010.58,0.861,0.15,0.498,0.151,0.081,0.12
U0360,10226.03,24,426.08,0.391,0.145,0.118,0.292,0.167,0.278
U0361,28962.52,19,1524.34,0.876,0.06,0.351,0.215,0.094,0.28
U0362,200824.89,13,15448.07,0.655,0.264,0.214,0.171,0.108,0.242
U0363,19159.37,21,912.35,0.49,0.141,0.144,0.482,0.032,0.202
U0364,16194.19,6,2699.03,0.689,0.547,0.112,0.104,0.117,0.12
U0365,47898.35,14,3421.31,0.632,0.062,0.495,0.149,0.173,0.12
U0366,20520.89,26,789.27,0.771,0.09,0.125,0.559,0.115,0.11
U0367,9491.19,27,351.53,0.367,0.133,0.19,0.267,0.068,0.342
U0368,115821.16,13,8909.32,0.872,0.385,0.153,0.183,0.159,0.12
U0369,34547.86,40,863.7,0.8,0.035,0.141,0.604,0.1,0.12
U0370,28995.38,26,1115.21,0.785,0.046,0.121,0.575,0.113,0.145
U0371,17483.17,13,1344.86,0.732,0.174,0.172,0.265,0.191,0.199
U0372,192617.73,16,12038.61,0.714,0.366,0.223,0.126,0.159,0.126
U0373,22177.83,12,1848.15,0.568,0.505,0.112,0.096,0.168,0.12
U0374,56646.3,13,4357.41,0.616,0.626,0.085,0.101,0.067,0.12
U0375,16063.31,25,642.53,0.694,0.068,0.139,0.312,0.087,0.394
U0376,4315.49,30,143.85,0.419,0.116,0.076,0.311,0.09,0.406
U0377,36232.04,8,4529.01,0.574,0.635,0.035,0.105,0.105,0.12
U0378,33201.96,53,626.45,0.56,0.122,0.115,0.522,0.121,0.12
U0379,30243.93,16,1890.25,0.71,0.104,0.452,0.18,0.087,0.177
U0380,21949.34,33,665.13,0.704,0.14,0.088,0.564,0.119,0.088
U0381,92234.91,10,9223.49,0.625,0.492,0.165,0.071,0.156,0.116
U0382,213876.18,9,23764.02,0.493,0.259,0.169,0.114,0.241,0.216
U0383,127936.32,18,7107.57,0.646,0.4,0.295,0.058,0.138,0.109
U0384,63016.79,12,5251.4,0.633,0.469,0.079,0.109,0.177,0.166
U0385,29740.33,44,675.92,0.725,0.082,0.135,0.577,0.092,0.114
U0386,16380.85,15,1092.06,0.405,0.085,0.128,0.272,0.084,0.431
U0387,32596.34,17,1917.43,0.653,0.085,0.506,0.177,0.113,0.12
U0388,14765.9,24,615.25,0.648,0.166,0.176,0.348,0.126,0.184
U0389,66690.3,7,9527.19,0.483,0.347,0.234,0.046,0.253,0.12
U0390,17331.27,32,541.6,0.695,0.079,0.139,0.371,0.171,0.241
U0391,178676.46,17,10510.38,0.786,0.372,0.204,0.099,0.241,0.084
U0392,26958.66,14,1925.62,0.788,0.17,0.496,0.142,0.073,0.119
U0393,57136.38,5,11427.28,0.793,0.518,0.049,0.201,0.14,0.092
U0394,17827.56,29,614.74,0.595,0.111,0.165,0.356,0.093,0.275
U0395,11988.7,48,249.76,0.548,0.038,0.187,0.566,0.12,0.089
U0396,28356.61,19,1492.45,0.61,0.089,0.514,0.148,0.161,0.087
U0397,37536.73,20,1876.84,0.915,0.131,0.45,0.217,0.061,0.142
U0398,145822.64,11,13256.6,0.746,0.343,0.226,0.094,0.217,0.12
U0399,23774.49,18,1320.8,0.916,0.113,0.474,0.216,0.077,0.12
U0400,8983.69,28,320.85,0.708,0.197,0.115,0.341,0.072,0.275
U0401,20839.13,41,508.27,0.798,0.052,0.107,0.635,0.071,0.135
U0402,20809.44,38,547.62,0.603,0.139,0.056,0.486,0.143,0.175
U0403,11475.74,30,382.52,0.4,0.081,0.142,0.487,0.109,0.181
U0404,24629.71,20,1231.49,0.871,0.117,0.452,0.154,0.156,0.12
U0405,11759.57,14,839.97,0.443,0.153,0.124,0.268,0.108,0.346
U0406,80190.47,5,16038.09,0.779,0.548,0.12,0.128,0.117,0.087
U0407,8412.79,32,262.9,0.423,0.043,0.124,0.563,0.094,0.177
U0408,43400.46,10,4340.05,0.791,0.14,0.485,0.17,0.09,0.115
U0409,34615.64,36,961.55,0.724,0.127,0.056,0.568,0.13,0.12
U0410,159435.1,10,15943.51,0.781,0.387,0.161,0.115,0.235,0.102
U0411,22597.19,7,3228.17,0.633,0.551,0.102,0.16,0.067,0.12
U0412,6867.37,21,327.02,0.562,0.088,0.069,0.323,0.114,0.406
U0413,4735.58,23,205.89,0.547,0.069,0.112,0.302,0.132,0.384
U0414,182669.06,15,12177.94,0.569,0.263,0.261,0.117,0.155,0.205
U0415,121104.17,8,15138.02,0.573,0.207,0.151,0.138,0.139,0.365
U0416,36550.89,4,9137.72,0.618,0.526,0.106,0.079,0.169,0.12
U0417,27324.95,14,1951.78,0.808,0.093,0.467,0.171,0.149,0.12
U0418,13265.09,33,401.97,0.427,0.054,0.148,0.346,0.195,0.258
U0419,66713.87,8,8339.23,0.802,0.33,0.258,0.145,0.107,0.16
U0420,214677.08,5,42935.42,0.885,0.309,0.258,0.086,0.112,0.234
U0421,9093.18,36,252.59,0.521,0.099,0.159,0.53,0.091,0.12
U0422,89094.58,9,9899.4,0.658,0.543,0.032,0.082,0.16,0.183
U0423,29821.63,25,1192.87,0.688,0.074,0.191,0.491,0.038,0.206
U0424,41247.96,11,3749.81,0.763,0.173,0.479,0.181,0.048,0.12
U0425,65288.58,4,16322.15,0.803,0.483,0.034,0.206,0.156,0.12
U0426,41510.13,15,2767.34,0.756,0.524,0.036,0.083,0.057,0.3
U0427,86912.73,12,7242.73,0.802,0.558,0.114,0.084,0.123,0.12
U0428,151436.83,11,13766.98,0.864,0.393,0.273,0.059,0.12,0.155
U0429,23094.79,47,491.38,0.526,0.083,0.045,0.647,0.106,0.12
U0430,24456.77,18,1358.71,0.854,0.143,0.481,0.192,0.064,0.12
U0431,189650.54,16,11853.16,0.876,0.328,0.165,0.146,0.237,0.124
U0432,217240.71,15,14482.71,0.699,0.335,0.221,0.079,0.251,0.115
U0433,12546.57,14,896.18,0.628,0.111,0.193,0.447,0.129,0.121
U0434,23077.99,31,744.45,0.65,0.131,0.115,0.511,0.123,0.12
U0435,11089.36,21,528.06,0.65,0.075,0.075,0.314,0.06,0.476
U0436,31701.63,19,1668.51,0.827,0.197,0.408,0.154,0.054,0.187
U0437,19275.76,17,1133.87,0.835,0.081,0.52,0.178,0.102,0.12
U0438,46742.77,16,2921.42,0.744,0.096,0.465,0.175,0.144,0.12
U0439,16230.88,6,2705.15,0.884,0.405,0.031,0.232,0.056,0.276
U0440,8655.61,21,412.17,0.626,0.147,0.149,0.314,0.13,0.261
U0441,157095.42,17,9240.91,0.643,0.369,0.214,0.173,0.123,0.12
U0442,28029.18,24,1167.88,0.746,0.063,0.409,0.182,0.077,0.269
U0443,12558.18,12,1046.52,0.786,0.104,0.407,0.208,0.074,0.207
U0444,21225.5,19,1117.13,0.778,0.157,0.512,0.138,0.073,0.12
U0445,10697.59,36,297.16,0.576,0.06,0.061,0.579,0.102,0.198
U0446,15159.45,29,522.74,0.517,0.103,0.19,0.447,0.093,0.167
U0447,34400.13,16,2150.01,0.667,0.153,0.427,0.125,0.178,0.117
U0448,21566.94,41,526.02,0.763,0.113,0.147,0.563,0.057,0.12
U0449,208913.72,18,11606.32,0.777,0.425,0.111,0.153,0.191,0.12
U0450,80070.38,8,10008.8,0.561,0.468,0.042,0.088,0.071,0.331
U0451,6833.65,31,220.44,0.434,0.163,0.165,0.377,0.175,0.12
U0452,136132.76,6,22688.79,0.762,0.285,0.212,0.14,0.17,0.192
U0453,65307.49,11,5937.04,0.661,0.488,0.053,0.187,0.152,0.12
U0454,40880.28,6,6813.38,0.623,0.594,0.095,0.147,0.045,0.12
U0455,14144.71,18,785.82,0.732,0.097,0.528,0.121,0.134,0.12
U0456,32162.58,48,670.05,0.512,0.037,0.122,0.572,0.095,0.174
U0457,10410.29,17,612.37,0.609,0.144,0.171,0.337,0.089,0.259
U0458,94698.13,7,13528.3,0.587,0.364,0.194,0.125,0.197,0.12
U0459,16110.71,24,671.28,0.626,0.066,0.067,0.379,0.062,0.426
U0460,6170.72,17,362.98,0.464,0.144,0.146,0.273,0.154,0.283
U0461,11470.11,13,882.32,0.602,0.052,0.134,0.264,0.083,0.468
U0462,23204.27,20,1160.21,0.554,0.08,0.125,0.678,0.032,0.085
U0463,48530.1,6,8088.35,0.662,0.517,0.037,0.151,0.175,0.12
U0464,37413.69,24,1558.9,0.719,0.125,0.486,0.17,0.1,0.12
U0465,15001.33,31,483.91,0.523,0.03,0.196,0.458,0.048,0.268
U0466,26881.85,18,1493.44,0.792,0.147,0.468,0.194,0.071,0.12
U0467,10579.9,23,460.0,0.389,0.192,0.062,0.386,0.186,0.174
U0468,12838.53,27,475.5,0.567,0.085,0.152,0.533,0.11,0.12
U0469,46247.76,14,3303.41,0.863,0.419,0.051,0.109,0.151,0.27
U0470,15893.35,8,1986.67,0.797,0.531,0.122,0.082,0.101,0.164
U0471,80866.68,12,6738.89,0.688,0.574,0.037,0.12,0.15,0.12
U0472,48280.7,17,2840.04,0.667,0.126,0.479,0.137,0.138,0.12
U0473,25338.56,50,506.77,0.592,0.058,0.063,0.583,0.097,0.199
U0474,53208.72,7,7601.25,0.672,0.485,0.04,0.247,0.094,0.134
U0475,96304.51,14,6878.89,0.491,0.347,0.176,0.108,0.25,0.12
U0476,61365.06,5,12273.01,0.87,0.43,0.031,0.154,0.165,0.219
U0477,190113.31,16,11882.08,0.789,0.366,0.114,0.059,0.273,0.187
U0478,94565.41,7,13509.34,0.755,0.37,0.143,0.092,0.242,0.154
U0479,48504.89,20,2425.24,0.754,0.079,0.417,0.206,0.089,0.209
U0480,27618.18,23,1200.79,0.808,0.086,0.454,0.13,0.114,0.216
U0481,8620.08,23,374.79,0.363,0.14,0.104,0.295,0.055,0.405
U0482,8563.12,17,503.71,0.684,0.125,0.143,0.28,0.162,0.289
U0483,17630.15,12,1469.18,0.54,0.162,0.086,0.347,0.16,0.245
U0484,21061.39,53,397.38,0.546,0.081,0.138,0.625,0.036,0.12
U0485,161617.6,7,23088.23,0.833,0.204,0.271,0.09,0.216,0.22
U0486,51636.98,19,2717.74,0.644,0.376,0.175,0.145,0.184,0.12
U0487,70940.23,13,5456.94,0.553,0.51,0.111,0.107,0.134,0.138
U0488,34364.28,7,4909.18,0.779,0.599,0.032,0.091,0.158,0.12
U0489,27471.97,19,1445.89,0.714,0.124,0.486,0.15,0.12,0.12
U0490,29958.26,51,587.42,0.785,0.067,0.113,0.68,0.039,0.102
U0491,71778.54,5,14355.71,0.644,0.5,0.053,0.165,0.162,0.12
U0492,9664.88,29,333.27,0.727,0.081,0.115,0.448,0.069,0.287
U0493,50651.49,7,7235.93,0.651,0.468,0.101,0.112,0.071,0.248
U0494,16596.46,22,754.38,0.611,0.109,0.101,0.552,0.118,0.12
U0495,11353.06,20,567.65,0.686,0.186,0.093,0.407,0.096,0.218
U0496,15982.16,36,443.95,0.566,0.12,0.106,0.546,0.108,0.12
U0497,115958.28,9,12884.25,0.522,0.34,0.256,0.051,0.234,0.12
U0498,19849.49,22,902.25,0.623,0.052,0.496,0.122,0.153,0.177
U0499,10901.17,15,726.74,0.565,0.122,0.195,0.266,0.09,0.327
U0500,34152.98,43,794.26,0.41,0.083,0.103,0.576,0.119,0.12
U0501,11667.92,13,897.53,0.655,0.181,0.088,0.317,0.135,0.28
U0502,5171.6,13,397.82,0.357,0.062,0.063,0.288,0.064,0.522
U0503,14264.15,13,1097.24,0.931,0.063,0.423,0.136,0.126,0.252
U0504,126844.33,5,25368.87,0.792,0.407,0.22,0.149,0.104,0.12
U0505,15697.65,32,490.55,0.491,0.073,0.05,0.379,0.159,0.339
U0506,9433.24,33,285.86,0.617,0.079,0.197,0.285,0.166,0.273
U0507,17556.01,23,763.3,0.465,0.14,0.087,0.369,0.069,0.334
U0508,161434.98,5,32287.0,0.728,0.396,0.116,0.139,0.229,0.12
U0509,27080.1,22,1230.91,0.671,0.161,0.519,0.092,0.107,0.12
U0510,11403.75,32,356.37,0.716,0.124,0.101,0.306,0.136,0.332
U0511,127108.44,15,8473.9,0.746,0.202,0.233,0.187,0.171,0.207
U0512,38554.28,8,4819.29,0.593,0.553,0.033,0.16,0.134,0.12
U0513,29049.05,51,569.59,0.633,0.028,0.079,0.65,0.123,0.12
U0514,5619.06,15,374.6,0.463,0.059,0.113,0.304,0.13,0.394
U0515,9514.06,33,288.3,0.685,0.18,0.172,0.292,0.114,0.242
U0516,16858.64,10,1685.86,0.866,0.131,0.404,0.14,0.135,0.189
U0517,66961.47,4,16740.37,0.66,0.483,0.127,0.195,0.075,0.12
U0518,14290.59,34,420.31,0.499,0.094,0.118,0.562,0.146,0.08
U0519,7812.22,25,312.49,0.703,0.184,0.083,0.406,0.152,0.175
U0520,16304.9,33,494.09,0.515,0.159,0.09,0.414,0.093,0.244
U0521,11728.54,19,617.29,0.634,0.149,0.43,0.16,0.142,0.12
U0522,69977.44,13,5382.88,0.57,0.413,0.034,0.15,0.177,0.227
U0523,27160.38,24,1131.68,0.506,0.032,0.076,0.566,0.074,0.251
U0524,7631.06,14,545.08,0.721,0.091,0.131,0.293,0.199,0.286
U0525,180816.46,9,20090.72,0.45,0.347,0.198,0.074,0.267,0.115
U0526,29385.42,4,7346.35,0.617,0.484,0.062,0.119,0.193,0.141
U0527,34759.6,10,3475.96,0.829,0.407,0.129,0.135,0.153,0.175
U0528,12631.83,14,902.27,0.546,0.136,0.182,0.402,0.16,0.12
U0529,11430.23,29,394.15,0.686,0.064,0.183,0.403,0.171,0.179
U0530,18184.32,20,909.22,0.659,0.136,0.078,0.468,0.076,0.242
U0531,11908.67,27,441.06,0.439,0.09,0.163,0.393,0.061,0.293
U0532,14802.89,44,336.43,0.78,0.062,0.164,0.602,0.076,0.097
U0533,202679.94,14,14477.14,0.665,0.363,0.121,0.168,0.228,0.12
U0534,13257.27,9,1473.03,0.706,0.16,0.431,0.111,0.185,0.113
U0535,9749.26,21,464.25,0.653,0.17,0.084,0.381,0.164,0.201
U0536,5677.01,23,246.83,0.496,0.095,0.17,0.379,0.125,0.232
U0537,10872.95,46,236.37,0.607,0.107,0.131,0.564,0.077,0.12
U0538,18855.07,23,819.79,0.693,0.147,0.379,0.102,0.125,0.247
U0539,10460.78,12,871.73,0.465,0.055,0.17,0.31,0.083,0.383
U0540,186791.81,14,13342.27,0.789,0.359,0.167,0.152,0.202,0.12
U0541,143220.95,15,9548.06,0.637,0.334,0.205,0.122,0.256,0.084
U0542,29536.8,17,1737.46,0.641,0.176,0.341,0.22,0.144,0.12
U0543,118799.8,10,11879.98,0.5,0.378,0.224,0.072,0.206,0.12
U0544,39482.7,18,2193.48,0.608,0.052,0.37,0.194,0.124,0.26
U0545,49870.22,11,4533.66,0.82,0.176,0.362,0.239,0.1,0.123
U0546,18509.05,14,1322.08,0.877,0.498,0.1,0.18,0.101,0.12
U0547,66034.72,10,6603.47,0.727,0.575,0.083,0.129,0.094,0.12
U0548,110198.51,15,7346.57,0.683,0.429,0.236,0.126,0.088,0.12
U0549,100307.28,6,16717.88,0.838,0.497,0.148,0.055,0.185,0.115
U0550,32209.17,22,1464.05,0.469,0.028,0.163,0.596,0.092,0.12
U0551,25875.3,30,862.51,0.483,0.055,0.097,0.649,0.079,0.12
U0552,207474.25,5,41494.85,0.654,0.45,0.266,0.054,0.145,0.085
U0553,122058.65,14,8718.47,0.526,0.349,0.168,0.131,0.232,0.12
U0554,205507.14,7,29358.16,0.712,0.367,0.264,0.109,0.145,0.115
U0555,81864.05,9,9096.01,0.768,0.428,0.032,0.111,0.079,0.35
U0556,11678.68,50,233.57,0.535,0.121,0.156,0.481,0.147,0.094
U0557,40085.57,9,4453.95,0.644,0.063,0.57,0.135,0.061,0.171
U0558,46637.07,13,3587.47,0.657,0.545,0.053,0.153,0.104,0.145
U0559,123766.13,11,11251.47,0.765,0.449,0.122,0.119,0.157,0.153
U0560,20071.89,8,2508.99,0.723,0.071,0.531,0.197,0.082,0.12
U0561,29019.4,10,2901.94,0.783,0.14,0.473,0.191,0.076,0.12
U0562,9173.03,50,183.46,0.612,0.066,0.087,0.663,0.071,0.113
U0563,12455.33,33,377.43,0.69,0.189,0.13,0.355,0.126,0.201
U0564,21625.18,49,441.33,0.628,0.095,0.094,0.635,0.056,0.12
U0565,11836.86,29,408.17,0.645,0.103,0.192,0.333,0.145,0.227
U0566,87685.53,7,12526.5,0.806,0.362,0.195,0.168,0.154,0.12
U0567,196193.87,5,39238.77,0.451,0.366,0.24,0.107,0.167,0.12
U0568,75408.63,10,7540.86,0.891,0.464,0.093,0.203,0.12,0.12
U0569,20470.04,45,454.89,0.603,0.111,0.163,0.547,0.059,0.12
U0570,60363.3,14,4311.66,0.71,0.559,0.031,0.165,0.125,0.12
U0571,17586.9,24,732.79,0.743,0.122,0.448,0.222,0.105,0.104
U0572,184437.71,16,11527.36,0.519,0.301,0.185,0.153,0.139,0.222
U0573,4138.09,13,318.31,0.71,0.095,0.123,0.348,0.18,0.254
U0574,59779.51,9,6642.17,0.628,0.582,0.076,0.098,0.124,0.12
U0575,13900.93,27,514.85,0.447,0.15,0.177,0.411,0.142,0.12
U0576,15763.43,34,463.63,0.41,0.177,0.191,0.278,0.15,0.203
U0577,35461.73,14,2532.98,0.844,0.083,0.437,0.125,0.188,0.167
U0578,30872.94,13,2374.84,0.948,0.056,0.427,0.24,0.099,0.177
U0579,5490.85,32,171.59,0.557,0.108,0.168,0.372,0.115,0.236
U0580,89794.59,4,22448.65,0.733,0.606,0.106,0.086,0.082,0.12
U0581,23817.09,10,2381.71,0.72,0.177,0.483,0.16,0.054,0.127
U0582,165430.43,13,12725.42,0.59,0.242,0.136,0.084,0.273,0.265
U0583,131708.13,15,8780.54,0.485,0.317,0.256,0.177,0.153,0.097
U0584,23802.67,43,553.55,0.74,0.111,0.079,0.603,0.086,0.12
U0585,34412.0,9,3823.56,0.689,0.51,0.092,0.163,0.114,0.12
U0586,62191.21,12,5182.6,0.552,0.543,0.049,0.17,0.118,0.12
U0587,4701.78,17,276.58,0.533,0.184,0.145,0.338,0.118,0.214
U0588,30801.57,38,810.57,0.69,0.099,0.15,0.597,0.033,0.12
U0589,16331.65,11,1484.7,0.886,0.09,0.459,0.198,0.133,0.12
U0590,19906.15,5,3981.23,0.718,0.542,0.101,0.109,0.128,0.12
U0591,10538.29,14,752.74,0.613,0.153,0.506,0.142,0.079,0.12
U0592,12993.67,38,341.94,0.708,0.118,0.093,0.568,0.051,0.17
U0593,46530.93,8,5816.37,0.656,0.135,0.462,0.194,0.089,0.12
U0594,189676.28,17,11157.43,0.736,0.221,0.157,0.151,0.11,0.36
U0595,39820.18,7,5688.6,0.606,0.426,0.037,0.101,0.059,0.376
U0596,37389.52,24,1557.9,0.761,0.103,0.48,0.126,0.086,0.204
U0597,53664.27,5,10732.85,0.848,0.612,0.034,0.083,0.151,0.12
U0598,26787.54,32,837.11,0.528,0.088,0.144,0.54,0.107,0.12
U0599,88865.07,6,14810.84,0.592,0.233,0.213,0.074,0.286,0.194
U0600,10041.94,19,528.52,0.695,0.172,0.163,0.327,0.165,0.173
U0601,21083.46,42,501.99,0.786,0.048,0.18,0.547,0.092,0.134
U0602,24517.44,11,2228.86,0.886,0.067,0.502,0.145,0.166,0.12
U0603,142987.85,11,12998.9,0.592,0.415,0.236,0.13,0.099,0.12
U0604,24390.49,29,841.05,0.409,0.125,0.183,0.499,0.096,0.096
U0605,15641.82,28,558.64,0.634,0.064,0.157,0.373,0.1,0.307
U0606,26504.02,23,1152.35,0.473,0.066,0.199,0.58,0.037,0.119
U0607,32273.14,45,717.18,0.561,0.06,0.183,0.529,0.108,0.12
U0608,59878.72,11,5443.52,0.862,0.596,0.097,0.074,0.114,0.12
U0609,155827.6,16,9739.22,0.598,0.311,0.198,0.14,0.231,0.12
U0610,198444.38,14,14174.6,0.811,0.342,0.243,0.068,0.228,0.12
U0611,58758.46,7,8394.07,0.607,0.481,0.128,0.198,0.073,0.12
U0612,38565.75,22,1752.99,0.722,0.12,0.482,0.104,0.166,0.127
U0613,43855.44,13,3373.5,0.714,0.11,0.49,0.211,0.101,0.089
U0614,53097.02,9,5899.67,0.5,0.276,0.29,0.126,0.203,0.104
U0615,139359.63,5,27871.93,0.554,0.414,0.111,0.109,0.252,0.114
U0616,58880.41,15,3925.36,0.667,0.491,0.043,0.21,0.136,0.12
U0617,113629.94,17,6684.11,0.456,0.407,0.268,0.082,0.123,0.12
U0618,18957.15,15,1263.81,0.721,0.089,0.526,0.19,0.058,0.137
U0619,25839.68,5,5167.94,0.575,0.437,0.059,0.139,0.169,0.196
U0620,18716.2,21,891.25,0.83,0.16,0.503,0.123,0.094,0.12
U0621,75388.6,5,15077.72,0.743,0.532,0.096,0.176,0.076,0.12
U0622,13924.73,41,339.63,0.55,0.148,0.124,0.483,0.09,0.154
U0623,31403.32,9,3489.26,0.764,0.067,0.52,0.127,0.166,0.12
U0624,22942.97,25,917.72,0.412,0.102,0.123,0.614,0.041,0.12
U0625,80368.5,15,5357.9,0.553,0.526,0.117,0.123,0.114,0.12
U0626,120096.63,18,6672.03,0.737,0.449,0.127,0.188,0.107,0.13
U0627,5331.49,22,242.34,0.592,0.082,0.133,0.315,0.054,0.416
U0628,46545.69,21,2216.46,0.948,0.106,0.35,0.11,0.179,0.255
U0629,29675.43,17,1745.61,0.884,0.102,0.509,0.143,0.127,0.12
U0630,4467.07,33,135.37,0.691,0.097,0.1,0.383,0.139,0.281
U0631,10219.09,53,192.81,0.432,0.047,0.186,0.603,0.044,0.12
U0632,22852.63,49,466.38,0.452,0.128,0.164,0.541,0.047,0.12
U0633,15844.45,18,880.25,0.918,0.109,0.502,0.149,0.12,0.12
U0634,12541.44,14,895.82,0.41,0.176,0.145,0.278,0.075,0.326
U0635,25906.76,29,893.34,0.662,0.116,0.104,0.45,0.093,0.236
U0636,33780.71,17,1987.1,0.828,0.168,0.489,0.117,0.105,0.12
U0637,9344.1,28,333.72,0.424,0.087,0.122,0.461,0.099,0.231
U0638,94339.24,10,9433.92,0.489,0.262,0.229,0.121,0.268,0.12
U0639,25567.2,16,1597.95,0.798,0.134,0.482,0.194,0.069,0.12
U0640,39536.24,20,1976.81,0.662,0.113,0.447,0.183,0.138,0.12
U0641,13472.14,16,842.01,0.623,0.157,0.079,0.339,0.113,0.312
U0642,39958.03,18,2219.89,0.758,0.098,0.496,0.136,0.15,0.12
U0643,26769.99,43,622.56,0.676,0.121,0.079,0.596,0.084,0.12
U0644,31870.07,9,3541.12,0.774,0.405,0.054,0.159,0.074,0.307
U0645,89161.79,10,8916.18,0.842,0.451,0.088,0.165,0.121,0.176
U0646,98948.03,18,5497.11,0.57,0.31,0.222,0.109,0.147,0.212
U0647,47244.24,10,4724.42,0.761,0.485,0.077,0.128,0.131,0.179
U0648,15250.78,28,544.67,0.399,0.114,0.062,0.284,0.168,0.373
U0649,101452.53,16,6340.78,0.533,0.247,0.257,0.181,0.115,0.201
U0650,14697.21,33,445.37,0.645,0.099,0.145,0.445,0.17,0.14
U0651,113671.24,10,11367.12,0.853,0.308,0.263,0.179,0.13,0.12
U0652,12666.67,18,703.7,0.824,0.067,0.552,0.134,0.118,0.129
U0653,45678.81,9,5075.42,0.732,0.153,0.405,0.183,0.081,0.177
U0654,6246.03,12,520.5,0.456,0.179,0.136,0.419,0.145,0.12
U0655,6601.68,27,244.51,0.417,0.054,0.107,0.361,0.088,0.39
U0656,12547.71,48,261.41,0.475,0.073,0.17,0.558,0.079,0.12
U0657,24410.01,10,2441.0,0.667,0.098,0.402,0.217,0.123,0.161
U0658,6321.62,30,210.72,0.644,0.089,0.182,0.357,0.122,0.25
U0659,181379.19,17,10669.36,0.822,0.218,0.272,0.164,0.197,0.148
U0660,10668.54,19,561.5,0.672,0.184,0.143,0.361,0.151,0.162
U0661,27229.55,15,1815.3,0.822,0.481,0.089,0.173,0.137,0.12
U0662,14465.82,28,516.64,0.474,0.174,0.135,0.427,0.145,0.118
U0663,17092.08,14,1220.86,0.684,0.078,0.067,0.338,0.077,0.44
U0664,7628.25,23,331.66,0.456,0.112,0.113,0.431,0.162,0.182
U0665,24745.57,22,1124.8,0.785,0.12,0.087,0.583,0.081,0.13
U0666,66651.12,12,5554.26,0.72,0.308,0.109,0.144,0.257,0.182
U0667,29340.78,26,1128.49,0.56,0.118,0.096,0.584,0.098,0.104
U0668,17931.14,14,1280.8,0.63,0.077,0.154,0.32,0.166,0.283
U0669,77039.23,12,6419.94,0.49,0.381,0.161,0.11,0.228,0.12
U0670,14864.08,12,1238.67,0.519,0.173,0.15,0.293,0.171,0.213
U0671,56912.61,8,7114.08,0.801,0.541,0.07,0.129,0.14,0.12
U0672,49608.93,19,2611.0,0.632,0.099,0.515,0.152,0.092,0.142
U0673,10804.45,10,1080.45,0.875,0.096,0.507,0.145,0.101,0.151
U0674,16132.91,35,460.94,0.648,0.082,0.098,0.595,0.088,0.137
U0675,25263.0,54,467.83,0.653,0.137,0.159,0.498,0.087,0.12
U0676,7211.05,25,288.44,0.505,0.169,0.076,0.273,0.055,0.427
U0677,46197.43,6,7699.57,0.652,0.554,0.042,0.126,0.158,0.12
U0678,17296.35,14,1235.45,0.813,0.414,0.131,0.194,0.072,0.19
U0679,4908.94,24,204.54,0.463,0.197,0.173,0.303,0.169,0.158
U0680,9344.58,49,190.71,0.543,0.081,0.121,0.601,0.109,0.088
U0681,168452.09,19,8865.9,0.898,0.361,0.199,0.125,0.195,0.12
U0682,13628.34,15,908.56,0.834,0.12,0.516,0.128,0.117,0.12
U0683,81590.54,5,16318.11,0.698,0.563,0.041,0.214,0.08,0.102
U0684,32418.58,9,3602.06,0.638,0.15,0.515,0.101,0.114,0.12
U0685,29483.43,17,1734.32,0.851,0.103,0.52,0.153,0.104,0.12
U0686,16807.86,13,1292.91,0.469,0.051,0.113,0.382,0.121,0.333
U0687,20038.64,15,1335.91,0.568,0.578,0.03,0.167,0.105,0.12
U0688,16746.21,20,837.31,0.681,0.151,0.117,0.318,0.068,0.347
U0689,4189.27,27,155.16,0.728,0.159,0.118,0.323,0.079,0.321
U0690,71710.51,8,8963.81,0.72,0.526,0.093,0.093,0.167,0.12
U0691,56590.62,7,8084.37,0.685,0.415,0.107,0.228,0.13,0.12
U0692,13363.47,35,381.81,0.56,0.125,0.144,0.54,0.072,0.12
U0693,19717.11,10,1971.71,0.633,0.173,0.401,0.177,0.146,0.103
U0694,176493.28,7,25213.33,0.456,0.288,0.152,0.128,0.193,0.238
U0695,13196.03,22,599.82,0.846,0.058,0.507,0.198,0.117,0.12
U0696,13356.38,27,494.68,0.668,0.087,0.144,0.279,0.181,0.309
U0697,5376.78,34,158.14,0.465,0.168,0.111,0.36,0.073,0.287
U0698,50622.52,13,3894.04,0.735,0.496,0.072,0.155,0.181,0.096
U0699,22812.73,43,530.53,0.633,0.115,0.137,0.535,0.061,0.151
U0700,6232.83,32,194.78,0.412,0.172,0.19,0.346,0.116,0.176
U0701,10842.95,22,492.86,0.694,0.073,0.186,0.442,0.186,0.113
U0702,41419.99,19,2180.0,0.683,0.161,0.411,0.209,0.098,0.12
U0703,5455.44,32,170.48,0.735,0.184,0.126,0.372,0.112,0.206
U0704,15298.37,19,805.18,0.635,0.169,0.463,0.137,0.098,0.134
U0705,60890.23,6,10148.37,0.857,0.426,0.086,0.202,0.166,0.12
U0706,76402.9,8,9550.36,0.756,0.576,0.081,0.081,0.141,0.12
U0707,33215.38,10,3321.54,0.675,0.085,0.57,0.178,0.057,0.111
U0708,192454.06,8,24056.76,0.799,0.38,0.265,0.09,0.115,0.149
U0709,38839.62,22,1765.44,0.77,0.166,0.37,0.173,0.171,0.12
U0710,13939.65,39,357.43,0.79,0.034,0.144,0.571,0.123,0.127
U0711,104950.91,18,5830.61,0.709,0.376,0.269,0.129,0.144,0.082
U0712,26898.66,21,1280.89,0.915,0.081,0.552,0.212,0.067,0.089
U0713,11615.81,25,464.63,0.707,0.197,0.152,0.444,0.093,0.114
U0714,30009.6,46,652.38,0.453,0.085,0.144,0.622,0.029,0.12
U0715,21349.58,21,1016.65,0.69,0.102,0.472,0.209,0.096,0.12
U0716,11051.44,29,381.08,0.668,0.129,0.19,0.278,0.132,0.271
U0717,8679.19,27,321.45,0.512,0.081,0.161,0.548,0.09,0.12
U0718,16936.76,17,996.28,0.632,0.051,0.147,0.335,0.147,0.32
U0719,26749.01,38,703.92,0.557,0.063,0.113,0.584,0.12,0.12
U0720,60345.82,4,15086.46,0.649,0.467,0.061,0.128,0.059,0.284
U0721,55500.49,9,6166.72,0.567,0.533,0.078,0.211,0.079,0.1
U0722,19720.04,44,448.18,0.641,0.084,0.102,0.598,0.095,0.12
U0723,198700.87,8,24837.61,0.525,0.288,0.175,0.097,0.106,0.333
U0724,62533.61,12,5211.13,0.531,0.372,0.131,0.182,0.195,0.12
U0725,13914.99,13,1070.38,0.493,0.173,0.182,0.291,0.068,0.285
U0726,43572.22,23,1894.44,0.621,0.099,0.551,0.097,0.133,0.12
U0727,118554.91,9,13172.77,0.719,0.251,0.23,0.078,0.104,0.336
U0728,15957.3,21,759.87,0.639,0.059,0.513,0.184,0.124,0.12
U0729,6113.77,21,291.13,0.496,0.058,0.067,0.426,0.066,0.383
U0730,19187.97,4,4796.99,0.684,0.522,0.044,0.088,0.18,0.166
U0731,9453.53,16,590.85,0.43,0.065,0.122,0.411,0.109,0.293
U0732,12678.54,28,452.81,0.562,0.162,0.109,0.332,0.059,0.338
U0733,6661.31,21,317.21,0.552,0.122,0.098,0.31,0.117,0.353
U0734,29682.32,30,989.41,0.738,0.117,0.089,0.454,0.039,0.3
U0735,45314.83,19,2384.99,0.733,0.053,0.531,0.124,0.173,0.12
U0736,138892.63,7,19841.8,0.697,0.21,0.287,0.147,0.189,0.167
U0737,19635.45,13,1510.42,0.859,0.48,0.099,0.122,0.173,0.126
U0738,13471.98,12,1122.66,0.687,0.112,0.426,0.112,0.099,0.251
U0739,13880.65,14,991.48,0.403,0.065,0.189,0.446,0.075,0.225
U0740,71351.56,7,10193.08,0.881,0.477,0.078,0.184,0.142,0.12
U0741,137759.35,16,8609.96,0.533,0.377,0.175,0.114,0.214,0.12
U0742,8484.15,14,606.01,0.473,0.158,0.1,0.3,0.197,0.244
U0743,11919.94,18,662.22,0.482,0.144,0.117,0.27,0.184,0.284
U0744,31810.4,14,2272.17,0.931,0.144,0.568,0.105,0.063,0.12
U0745,16333.85,13,1256.45,0.78,0.074,0.362,0.209,0.089,0.266
U0746,76179.66,7,10882.81,0.591,0.495,0.049,0.091,0.194,0.171
U0747,16017.01,31,516.68,0.697,0.073,0.168,0.396,0.189,0.175
U0748,31449.17,11,2859.02,0.864,0.495,0.074,0.171,0.14,0.12
U0749,22995.52,53,433.88,0.452,0.051,0.163,0.574,0.093,0.12
U0750,15983.57,13,1229.51,0.714,0.168,0.06,0.319,0.199,0.254
U0751,116267.71,7,16609.67,0.823,0.314,0.276,0.078,0.212,0.12
U0752,186745.99,5,37349.2,0.75,0.257,0.242,0.17,0.211,0.12
U0753,15843.15,11,1440.29,0.763,0.161,0.45,0.138,0.131,0.12
U0754,13059.15,32,408.1,0.71,0.183,0.144,0.355,0.17,0.147
U0755,8295.05,15,553.0,0.386,0.098,0.195,0.347,0.121,0.238
U0756,156968.89,14,11212.06,0.669,0.396,0.236,0.079,0.107,0.183
U0757,41762.92,10,4176.29,0.623,0.15,0.438,0.198,0.093,0.12
U0758,120836.82,7,17262.4,0.755,0.286,0.214,0.14,0.24,0.12
U0759,5929.48,25,237.18,0.388,0.196,0.069,0.356,0.171,0.207
U0760,33925.89,10,3392.59,0.745,0.457,0.123,0.17,0.13,0.12
U0761,30160.39,17,1774.14,0.712,0.115,0.363,0.116,0.174,0.232
U0762,215104.66,19,11321.3,0.498,0.392,0.231,0.121,0.137,0.12
U0763,69136.94,14,4938.35,0.863,0.388,0.105,0.107,0.24,0.159
U0764,50634.14,14,3616.72,0.625,0.557,0.121,0.1,0.103,0.12
U0765,127262.43,18,7070.13,0.803,0.332,0.251,0.124,0.174,0.12
U0766,44938.12,8,5617.26,0.707,0.067,0.525,0.195,0.08,0.132
U0767,19932.19,16,1245.76,0.604,0.14,0.471,0.134,0.135,0.12
U0768,48721.25,13,3747.79,0.734,0.492,0.087,0.166,0.136,0.12
U0769,13898.93,15,926.6,0.716,0.183,0.396,0.133,0.174,0.114
U0770,97541.3,14,6967.24,0.595,0.362,0.13,0.151,0.237,0.12
U0771,33140.83,19,1744.25,0.624,0.103,0.449,0.221,0.093,0.134
U0772,82591.31,11,7508.3,0.554,0.434,0.133,0.197,0.111,0.125
U0773,17899.15,22,813.6,0.618,0.148,0.083,0.348,0.082,0.339
U0774,30378.58,24,1265.77,0.689,0.173,0.415,0.16,0.132,0.12
U0775,13164.11,53,248.38,0.726,0.13,0.082,0.576,0.117,0.095
U0776,10992.95,13,845.61,0.418,0.142,0.065,0.309,0.14,0.345
U0777,5139.11,24,214.13,0.454,0.082,0.135,0.419,0.07,0.294
U0778,14757.55,31,476.05,0.426,0.188,0.051,0.289,0.082,0.389
U0779,15610.78,38,410.81,0.531,0.044,0.198,0.525,0.131,0.102
U0780,32165.22,36,893.48,0.74,0.059,0.172,0.599,0.05,0.12
U0781,183713.0,19,9669.11,0.815,0.428,0.179,0.074,0.177,0.142
U0782,187724.87,9,20858.32,0.697,0.324,0.133,0.186,0.183,0.173
U0783,7353.92,13,565.69,0.447,0.05,0.116,0.428,0.054,0.352
U0784,17392.36,13,1337.87,0.575,0.051,0.097,0.282,0.089,0.482
U0785,9504.32,29,327.74,0.461,0.054,0.054,0.55,0.117,0.225
U0786,214738.21,17,12631.66,0.698,0.407,0.106,0.102,0.265,0.12
U0787,27947.4,35,798.5,0.514,0.144,0.083,0.582,0.073,0.118
U0788,133306.6,18,7405.92,0.751,0.27,0.22,0.104,0.15,0.255
U0789,13730.04,13,1056.16,0.698,0.063,0.118,0.389,0.134,0.295
U0790,14169.0,20,708.45,0.734,0.151,0.198,0.349,0.169,0.133
U0791,215182.67,18,11954.59,0.819,0.379,0.199,0.182,0.119,0.12
U0792,34810.13,40,870.25,0.663,0.058,0.086,0.64,0.09,0.126
U0793,14980.39,31,483.24,0.745,0.122,0.151,0.494,0.122,0.111
U0794,17740.69,51,347.86,0.452,0.123,0.089,0.611,0.056,0.12
U0795,48658.79,14,3475.63,0.618,0.102,0.445,0.207,0.136,0.11
U0796,12546.84,22,570.31,0.546,0.153,0.175,0.283,0.135,0.255
U0797,27219.13,15,1814.61,0.772,0.422,0.038,0.232,0.189,0.12
U0798,25199.63,49,514.28,0.677,0.111,0.154,0.527,0.088,0.12
U0799,68623.01,17,4036.65,0.822,0.278,0.184,0.109,0.272,0.156
U0800,24185.37,21,1151.68,0.675,0.069,0.532,0.2,0.08,0.12
U0801,15207.53,7,2172.5,0.691,0.563,0.064,0.157,0.096,0.12
U0802,32431.46,9,3603.5,0.7,0.497,0.116,0.195,0.073,0.12
U0803,46145.41,15,3076.36,0.61,0.409,0.048,0.171,0.172,0.2
U0804,111798.69,11,10163.52,0.609,0.389,0.174,0.12,0.197,0.12
U0805,31265.04,20,1563.25,0.638,0.138,0.474,0.162,0.105,0.12
U0806,25595.34,22,1163.42,0.865,0.12,0.416,0.21,0.135,0.12
U0807,193794.29,14,13842.45,0.64,0.282,0.258,0.151,0.105,0.204
U0808,15771.48,13,1213.19,0.834,0.135,0.383,0.179,0.118,0.184
U0809,73233.26,11,6657.57,0.808,0.586,0.07,0.155,0.07,0.12
U0810,16004.54,31,516.28,0.417,0.171,0.168,0.395,0.068,0.198
U0811,17825.62,26,685.6,0.583,0.183,0.102,0.366,0.137,0.212
U0812,13082.26,26,503.16,0.66,0.091,0.102,0.563,0.124,0.12
U0813,31330.79,45,696.24,0.768,0.048,0.077,0.663,0.127,0.085
U0814,26206.37,47,557.58,0.699,0.046,0.058,0.526,0.041,0.328
U0815,12010.56,36,333.63,0.607,0.13,0.15,0.482,0.113,0.125
U0816,63529.44,7,9075.63,0.576,0.45,0.116,0.136,0.178,0.12
U0817,30706.82,11,2791.53,0.666,0.145,0.351,0.115,0.165,0.225
U0818,33060.86,13,2543.14,0.869,0.073,0.481,0.202,0.123,0.12
U0819,14859.07,34,437.03,0.613,0.073,0.128,0.369,0.176,0.254
U0820,75483.53,13,5806.43,0.694,0.557,0.042,0.19,0.091,0.12
U0821,26550.75,9,2950.08,0.768,0.452,0.062,0.143,0.058,0.284
U0822,14336.63,15,955.78,0.841,0.114,0.43,0.139,0.125,0.191
U0823,17040.91,16,1065.06,0.401,0.198,0.197,0.423,0.064,0.118
U0824,15783.09,30,526.1,0.402,0.089,0.153,0.411,0.177,0.169
U0825,22683.42,24,945.14,0.621,0.043,0.113,0.623,0.101,0.12
U0826,66341.2,5,13268.24,0.577,0.509,0.036,0.208,0.126,0.12
U0827,34737.61,54,643.29,0.722,0.106,0.177,0.53,0.034,0.153
U0828,39311.62,11,3573.78,0.673,0.053,0.525,0.204,0.099,0.12
U0829,45403.72,24,1891.82,0.774,0.051,0.605,0.173,0.051,0.12
U0830,67600.14,6,11266.69,0.837,0.566,0.124,0.114,0.076,0.12
U0831,12348.83,28,441.03,0.471,0.064,0.109,0.483,0.128,0.216
U0832,61427.86,13,4725.22,0.866,0.416,0.125,0.132,0.077,0.25
U0833,38180.58,12,3181.72,0.867,0.097,0.456,0.128,0.174,0.145
U0834,5499.31,33,166.65,0.436,0.179,0.091,0.434,0.105,0.192
U0835,8246.98,41,201.15,0.469,0.086,0.067,0.646,0.05,0.152
U0836,196868.4,13,15143.72,0.885,0.221,0.184,0.15,0.101,0.345
U0837,29561.31,21,1407.68,0.618,0.101,0.47,0.207,0.094,0.127
U0838,33470.08,5,6694.02,0.768,0.58,0.055,0.184,0.062,0.12
U0839,169719.98,14,12122.86,0.783,0.368,0.255,0.053,0.153,0.171
U0840,9677.36,24,403.22,0.542,0.087,0.121,0.354,0.16,0.278
U0841,85949.41,14,6139.24,0.674,0.425,0.094,0.214,0.147,0.12
U0842,85037.45,18,4724.3,0.822,0.237,0.217,0.16,0.115,0.27
U0843,82023.14,9,9113.68,0.579,0.575,0.118,0.109,0.078,0.12
U0844,47246.83,12,3937.24,0.673,0.423,0.084,0.147,0.149,0.197
U0845,47905.87,11,4355.08,0.72,0.555,0.126,0.099,0.1,0.12
U0846,43898.43,12,3658.2,0.687,0.137,0.431,0.165,0.147,0.12
U0847,11056.63,8,1382.08,0.627,0.08,0.465,0.171,0.056,0.229
U0848,16355.92,21,778.85,0.693,0.123,0.053,0.27,0.144,0.41
U0849,17756.67,34,522.25,0.569,0.194,0.169,0.266,0.156,0.215
U0850,5499.61,34,161.75,0.523,0.149,0.196,0.299,0.169,0.187
U0851,12265.24,16,766.58,0.607,0.194,0.163,0.354,0.2,0.089
U0852,57476.95,10,5747.69,0.884,0.22,0.134,0.08,0.185,0.381
U0853,4849.8,26,186.53,0.392,0.051,0.098,0.297,0.104,0.45
U0854,17462.33,49,356.37,0.451,0.138,0.129,0.53,0.103,0.1
U0855,7932.65,24,330.53,0.358,0.065,0.077,0.344,0.095,0.42
U0856,26726.8,23,1162.03,0.923,0.187,0.363,0.154,0.187,0.109
U0857,28482.9,6,4747.15,0.741,0.456,0.041,0.211,0.144,0.148
U0858,14531.41,31,468.76,0.415,0.081,0.179,0.433,0.163,0.143
U0859,150318.11,14,10737.01,0.474,0.274,0.155,0.133,0.149,0.289
U0860,72512.94,7,10358.99,0.9,0.338,0.218,0.092,0.221,0.132
U0861,34295.31,38,902.51,0.581,0.074,0.101,0.57,0.134,0.12
U0862,129701.32,9,14411.26,0.814,0.291,0.236,0.176,0.177,0.12
U0863,26109.86,24,1087.91,0.928,0.064,0.417,0.143,0.073,0.303
U0864,45501.02,4,11375.26,0.732,0.412,0.056,0.217,0.172,0.143
U0865,8620.09,14,615.72,0.679,0.194,0.094,0.406,0.103,0.204
U0866,15197.54,4,3799.39,0.859,0.595,0.038,0.173,0.074,0.12
U0867,13114.34,32,409.82,0.51,0.095,0.146,0.416,0.074,0.271
U0868,17745.75,27,657.25,0.645,0.078,0.068,0.312,0.122,0.419
U0869,9267.34,36,257.43,0.608,0.14,0.099,0.465,0.135,0.162
U0870,12039.68,23,523.46,0.586,0.089,0.054,0.608,0.039,0.21
U0871,16824.71,42,400.59,0.512,0.128,0.127,0.511,0.117,0.119
U0872,56635.46,5,11327.09,0.601,0.491,0.083,0.124,0.187,0.114
U0873,15885.2,5,3177.04,0.82,0.512,0.089,0.124,0.155,0.12
U0874,105920.88,6,17653.48,0.506,0.225,0.136,0.125,0.103,0.411
U0875,5639.84,21,268.56,0.712,0.057,0.115,0.401,0.172,0.256
U0876,18091.14,15,1206.08,0.683,0.162,0.443,0.201,0.074,0.12
U0877,34848.36,9,3872.04,0.899,0.047,0.529,0.202,0.101,0.12
U0878,10069.99,46,218.91,0.496,0.043,0.09,0.63,0.117,0.12
U0879,24772.22,13,1905.56,0.937,0.114,0.42,0.194,0.151,0.12
U0880,104294.89,16,6518.43,0.833,0.225,0.273,0.136,0.231,0.135
U0881,151119.22,10,15111.92,0.83,0.419,0.163,0.086,0.239,0.092
U0882,131580.87,16,8223.8,0.659,0.243,0.108,0.193,0.245,0.212
U0883,21447.72,29,739.58,0.604,0.138,0.166,0.548,0.056,0.092
U0884,12661.17,18,703.4,0.706,0.047,0.504,0.208,0.121,0.12
U0885,154886.46,11,14080.59,0.608,0.277,0.102,0.189,0.163,0.269
U0886,52670.63,6,8778.44,0.691,0.591,0.047,0.076,0.167,0.12
U0887,7413.79,21,353.04,0.5,0.146,0.139,0.391,0.053,0.27
U0888,77714.57,7,11102.08,0.818,0.462,0.065,0.232,0.149,0.092
U0889,102827.98,18,5712.67,0.647,0.461,0.106,0.103,0.186,0.144
U0890,176522.43,10,17652.24,0.718,0.218,0.138,0.103,0.278,0.264
U0891,17414.69,20,870.73,0.692,0.093,0.065,0.698,0.045,0.099
U0892,25403.14,22,1154.69,0.692,0.165,0.376,0.218,0.121,0.12
U0893,68590.24,7,9798.61,0.678,0.545,0.115,0.142,0.078,0.12
U0894,32726.31,36,909.06,0.435,0.078,0.12,0.625,0.056,0.12
U0895,11041.17,17,649.48,0.501,0.072,0.105,0.265,0.094,0.464
U0896,21275.95,6,3545.99,0.713,0.406,0.042,0.129,0.1,0.323
U0897,68063.8,10,6806.38,0.742,0.634,0.035,0.094,0.064,0.173
U0898,15794.65,43,367.32,0.658,0.116,0.092,0.645,0.044,0.103
U0899,15748.44,12,1312.37,0.8,0.484,0.05,0.196,0.15,0.12
U0900,11217.57,32,350.55,0.374,0.113,0.175,0.446,0.154,0.112
U0901,29794.92,10,2979.49,0.605,0.57,0.068,0.093,0.126,0.143
U0902,26068.86,36,724.14,0.676,0.063,0.053,0.654,0.111,0.12
U0903,12132.13,24,505.51,0.759,0.094,0.388,0.16,0.096,0.261
U0904,48404.73,20,2420.24,0.825,0.155,0.481,0.127,0.117,0.12
U0905,87455.01,12,7287.92,0.674,0.342,0.236,0.057,0.245,0.12
U0906,32555.43,9,3617.27,0.821,0.603,0.078,0.103,0.093,0.122
U0907,8859.08,28,316.4,0.71,0.102,0.06,0.417,0.187,0.234
U0908,43501.33,10,4350.13,0.752,0.062,0.547,0.172,0.099,0.12
U0909,11030.89,21,525.28,0.689,0.126,0.084,0.451,0.091,0.247
U0910,28669.87,38,754.47,0.479,0.082,0.073,0.597,0.128,0.12
U0911,9510.43,24,396.27,0.42,0.109,0.134,0.325,0.143,0.289
U0912,162611.98,8,20326.5,0.695,0.331,0.196,0.161,0.107,0.205
U0913,48197.32,15,3213.15,0.756,0.554,0.034,0.166,0.126,0.12
U0914,15967.95,27,591.41,0.722,0.09,0.068,0.357,0.057,0.429
U0915,26213.92,53,494.6,0.582,0.109,0.122,0.521,0.136,0.112
U0916,14703.49,34,432.46,0.53,0.065,0.104,0.281,0.188,0.362
U0917,13599.02,26,523.04,0.627,0.095,0.169,0.271,0.144,0.321
U0918,42303.79,21,2014.47,0.925,0.168,0.435,0.152,0.125,0.12
U0919,57475.41,12,4789.62,0.645,0.461,0.039,0.104,0.196,0.201
U0920,56623.52,11,5147.59,0.59,0.509,0.06,0.225,0.117,0.089
U0921,141000.94,6,23500.16,0.543,0.344,0.197,0.134,0.206,0.12
U0922,5084.98,23,221.09,0.514,0.068,0.161,0.289,0.138,0.344
U0923,70615.71,14,5043.98,0.744,0.563,0.116,0.126,0.075,0.12
U0924,53180.2,4,13295.05,0.69,0.507,0.06,0.138,0.175,0.12
U0925,13801.18,22,627.33,0.486,0.068,0.063,0.676,0.032,0.161
U0926,74088.07,14,5292.0,0.812,0.635,0.045,0.084,0.075,0.161
U0927,9376.95,17,551.59,0.455,0.122,0.192,0.414,0.054,0.218
U0928,183103.75,6,30517.29,0.707,0.419,0.201,0.105,0.156,0.12
U0929,37882.52,13,2914.04,0.839,0.58,0.057,0.193,0.05,0.12
U0930,6890.39,32,215.32,0.458,0.173,0.144,0.317,0.098,0.27
U0931,37347.75,9,4149.75,0.698,0.103,0.486,0.129,0.074,0.208
U0932,218293.21,8,27286.65,0.686,0.407,0.222,0.058,0.193,0.12
U0933,6574.87,15,438.32,0.746,0.145,0.161,0.414,0.17,0.11
U0934,218876.69,18,12159.82,0.858,0.228,0.232,0.155,0.154,0.231
U0935,218798.23,12,18233.19,0.597,0.463,0.246,0.074,0.097,0.12
U0936,26066.22,40,651.66,0.433,0.12,0.118,0.533,0.109,0.12
U0937,8718.89,31,281.25,0.461,0.074,0.061,0.296,0.092,0.478
U0938,28661.01,23,1246.13,0.891,0.052,0.427,0.127,0.119,0.275
U0939,203898.87,17,11994.05,0.699,0.403,0.204,0.155,0.118,0.12
U0940,6698.29,21,318.97,0.464,0.057,0.125,0.341,0.106,0.37
U0941,11060.02,26,425.39,0.753,0.079,0.088,0.654,0.034,0.146
U0942,14851.49,34,436.81,0.365,0.192,0.107,0.358,0.165,0.179
U0943,7414.67,25,296.59,0.418,0.059,0.194,0.258,0.15,0.34
U0944,209125.6,14,14937.54,0.549,0.219,0.246,0.072,0.119,0.345
U0945,17656.14,50,353.12,0.426,0.077,0.195,0.466,0.062,0.2
U0946,65408.02,12,5450.67,0.881,0.456,0.138,0.169,0.075,0.162
U0947,161481.47,10,16148.15,0.515,0.374,0.263,0.141,0.101,0.12
U0948,30239.45,8,3779.93,0.615,0.147,0.389,0.169,0.175,0.12
U0949,49797.18,21,2371.29,0.6,0.104,0.51,0.153,0.113,0.12
U0950,126108.94,16,7881.81,0.691,0.302,0.223,0.145,0.211,0.12
U0951,137832.45,9,15314.72,0.46,0.442,0.175,0.132,0.131,0.12
U0952,5987.38,16,374.21,0.415,0.057,0.077,0.342,0.173,0.35
U0953,76152.18,10,7615.22,0.535,0.287,0.241,0.16,0.192,0.12
U0954,36325.72,11,3302.34,0.68,0.134,0.5,0.168,0.078,0.12
U0955,117986.03,15,7865.74,0.796,0.333,0.227,0.169,0.15,0.12
U0956,23414.61,25,936.58,0.587,0.034,0.079,0.658,0.043,0.186
U0957,24960.03,28,891.43,0.586,0.099,0.161,0.509,0.111,0.12
U0958,75194.35,10,7519.44,0.797,0.464,0.103,0.167,0.147,0.12
U0959,15747.65,28,562.42,0.537,0.144,0.15,0.297,0.103,0.307
U0960,11903.94,33,360.73,0.73,0.12,0.116,0.479,0.084,0.201
U0961,100057.47,15,6670.5,0.6,0.372,0.201,0.083,0.224,0.12
U0962,182417.41,15,12161.16,0.895,0.322,0.249,0.168,0.163,0.099
U0963,7000.2,31,225.81,0.587,0.171,0.102,0.328,0.191,0.208
U0964,12707.37,13,977.49,0.695,0.099,0.099,0.406,0.114,0.282
U0965,32908.91,8,4113.61,0.666,0.071,0.353,0.142,0.076,0.358
U0966,34346.28,4,8586.57,0.67,0.556,0.143,0.139,0.055,0.107
U0967,17783.84,54,329.33,0.452,0.057,0.144,0.61,0.068,0.12
U0968,182813.81,12,15234.48,0.758,0.379,0.145,0.16,0.169,0.147
U0969,132559.17,5,26511.83,0.583,0.359,0.194,0.102,0.194,0.152
U0970,70869.46,11,6442.68,0.777,0.405,0.118,0.119,0.17,0.188
U0971,15659.4,27,579.98,0.513,0.102,0.115,0.355,0.087,0.34
U0972,208378.19,17,12257.54,0.769,0.367,0.249,0.095,0.169,0.12
U0973,31621.42,48,658.78,0.476,0.046,0.197,0.531,0.121,0.105
U0974,126443.42,15,8429.56,0.543,0.347,0.123,0.066,0.271,0.194
U0975,84886.94,10,8488.69,0.67,0.495,0.039,0.201,0.144,0.12
U0976,179326.63,10,17932.66,0.651,0.409,0.246,0.065,0.16,0.12
U0977,81964.8,12,6830.4,0.728,0.355,0.188,0.053,0.26,0.144
U0978,26139.3,46,568.25,0.485,0.094,0.11,0.488,0.033,0.276
U0979,70800.31,6,11800.05,0.848,0.466,0.068,0.147,0.098,0.221
U0980,200321.99,17,11783.65,0.602,0.472,0.184,0.148,0.115,0.081
U0981,21261.56,14,1518.68,0.622,0.068,0.475,0.184,0.097,0.176
U0982,26780.07,22,1217.28,0.919,0.129,0.546,0.118,0.087,0.12
U0983,43572.39,23,1894.45,0.833,0.126,0.355,0.142,0.074,0.303
U0984,4716.45,25,188.66,0.616,0.064,0.114,0.312,0.074,0.437
U0985,4821.4,15,321.43,0.674,0.092,0.171,0.304,0.154,0.278
U0986,71216.62,17,4189.21,0.526,0.345,0.228,0.093,0.214,0.12
U0987,46934.02,14,3352.43,0.595,0.543,0.093,0.085,0.061,0.218
U0988,77945.39,15,5196.36,0.671,0.592,0.056,0.113,0.113,0.125
U0989,9592.91,29,330.79,0.776,0.084,0.081,0.591,0.042,0.202
U0990,44834.8,6,7472.47,0.752,0.45,0.057,0.213,0.16,0.12
U0991,4133.75,16,258.36,0.72,0.125,0.065,0.318,0.057,0.435
U0992,11432.54,27,423.43,0.537,0.138,0.057,0.443,0.104,0.258
U0993,64613.93,6,10768.99,0.643,0.484,0.113,0.172,0.111,0.12
U0994,89522.38,14,6394.46,0.717,0.22,0.273,0.097,0.231,0.179
U0995,84606.0,13,6508.15,0.86,0.421,0.089,0.176,0.153,0.161
U0996,69865.9,14,4990.42,0.516,0.22,0.194,0.14,0.292,0.154
U0997,37945.02,12,3162.08,0.777,0.12,0.501,0.178,0.06,0.14
U0998,80208.04,8,10026.0,0.798,0.399,0.15,0.072,0.259,0.12
U0999,72080.7,5,14416.14,0.89,0.474,0.03,0.224,0.152,0.12
U1000,77576.68,12,6464.72,0.899,0.482,0.104,0.214,0.08,0.12
U1001,25854.16,11,2350.38,0.755,0.559,0.032,0.176,0.113,0.12
U1002,39254.99,4,9813.75,0.749,0.6,0.058,0.109,0.114,0.12
U1003,5878.87,24,244.95,0.643,0.155,0.139,0.366,0.158,0.182
U1004,23420.47,15,1561.36,0.712,0.139,0.461,0.139,0.141,0.12
U1005,9740.94,27,360.78,0.685,0.129,0.077,0.34,0.092,0.364
U1006,24389.63,15,1625.98,0.886,0.105,0.515,0.154,0.105,0.12
U1007,30375.49,11,2761.41,0.685,0.154,0.423,0.114,0.193,0.116
U1008,11502.59,45,255.61,0.57,0.13,0.166,0.493,0.086,0.124
U1009,11101.29,10,1110.13,0.845,0.085,0.593,0.108,0.055,0.159
U1010,17058.94,5,3411.79,0.718,0.475,0.124,0.185,0.096,0.12
U1011,59481.78,4,14870.45,0.874,0.566,0.045,0.193,0.076,0.12
U1012,123142.13,16,7696.38,0.837,0.371,0.209,0.141,0.159,0.12
U1013,13912.1,20,695.61,0.615,0.158,0.121,0.301,0.122,0.297
U1014,17311.17,27,641.15,0.6,0.102,0.096,0.269,0.107,0.426
U1015,20716.4,23,900.71,0.527,0.091,0.12,0.585,0.084,0.12
U1016,35216.46,10,3521.65,0.663,0.171,0.519,0.124,0.066,0.12
U1017,58382.74,19,3072.78,0.767,0.229,0.177,0.092,0.18,0.322
U1018,159968.44,8,19996.06,0.703,0.34,0.268,0.155,0.139,0.098
U1019,88791.33,7,12684.48,0.816,0.418,0.037,0.136,0.08,0.33
U1020,11259.54,26,433.06,0.393,0.075,0.197,0.404,0.054,0.27
U1021,56065.71,4,14016.43,0.724,0.472,0.106,0.214,0.125,0.083
U1022,8149.22,34,239.68,0.524,0.127,0.116,0.381,0.054,0.322
U1023,81374.88,8,10171.86,0.899,0.569,0.087,0.181,0.043,0.12
U1024,17585.4,30,586.18,0.714,0.108,0.168,0.334,0.104,0.286
U1025,86008.19,12,7167.35,0.794,0.487,0.115,0.095,0.1,0.204
U1026,5670.99,28,202.54,0.357,0.174,0.1,0.37,0.162,0.194
U1027,35478.6,21,1689.46,0.884,0.15,0.481,0.182,0.067,0.12
U1028,32337.66,12,2694.81,0.772,0.497,0.133,0.138,0.093,0.138
U1029,51845.31,15,3456.35,0.787,0.43,0.115,0.182,0.153,0.12
U1030,57589.97,4,14397.49,0.81,0.505,0.06,0.147,0.194,0.094
U1031,46737.16,6,7789.53,0.623,0.52,0.031,0.131,0.098,0.22
U1032,27778.74,40,694.47,0.607,0.126,0.06,0.582,0.111,0.12
U1033,21191.03,26,815.04,0.668,0.097,0.096,0.528,0.131,0.147
U1034,38693.77,21,1842.56,0.636,0.065,0.605,0.107,0.093,0.13
U1035,85327.24,8,10665.91,0.786,0.467,0.062,0.167,0.146,0.159
U1036,17446.46,15,1163.1,0.388,0.105,0.087,0.301,0.126,0.382
U1037,38749.98,7,5535.71,0.754,0.447,0.059,0.203,0.171,0.12
U1038,37161.25,20,1858.06,0.868,0.168,0.353,0.202,0.157,0.12
U1039,42487.65,15,2832.51,0.782,0.527,0.072,0.185,0.097,0.119
U1040,17485.7,20,874.29,0.4,0.126,0.161,0.3,0.105,0.308
U1041,28418.65,5,5683.73,0.717,0.643,0.042,0.108,0.074,0.133
U1042,188861.67,9,20984.63,0.739,0.211,0.168,0.072,0.146,0.403
U1043,9355.48,13,719.65,0.643,0.111,0.107,0.431,0.124,0.227
U1044,27973.47,46,608.12,0.603,0.062,0.145,0.579,0.095,0.12
U1045,25391.35,23,1103.97,0.932,0.051,0.352,0.134,0.092,0.371
U1046,11837.55,25,473.5,0.55,0.12,0.108,0.308,0.188,0.276
U1047,28002.01,50,560.04,0.401,0.055,0.145,0.481,0.061,0.259
U1048,25732.17,9,2859.13,0.613,0.079,0.505,0.195,0.101,0.12
U1049,31127.44,42,741.13,0.646,0.086,0.143,0.602,0.049,0.12
U1050,51267.74,13,3943.67,0.88,0.434,0.143,0.177,0.093,0.153
U1051,16170.81,28,577.53,0.55,0.194,0.138,0.382,0.179,0.106
U1052,16061.79,24,669.24,0.523,0.065,0.065,0.433,0.186,0.252
U1053,34610.33,12,2884.19,0.772,0.167,0.379,0.159,0.127,0.167
U1054,182285.43,9,20253.94,0.891,0.387,0.19,0.092,0.21,0.12
U1055,65479.73,8,8184.97,0.755,0.52,0.128,0.124,0.144,0.084
U1056,20735.14,49,423.17,0.673,0.119,0.129,0.571,0.062,0.12
U1057,32558.74,53,614.32,0.749,0.054,0.122,0.517,0.138,0.17
U1058,8087.19,29,278.87,0.603,0.105,0.107,0.609,0.04,0.139
U1059,40798.34,16,2549.9,0.924,0.112,0.429,0.137,0.138,0.185
U1060,34396.42,35,982.75,0.547,0.042,0.125,0.626,0.087,0.12
U1061,78064.89,5,15612.98,0.479,0.253,0.277,0.184,0.14,0.145
U1062,8236.93,15,549.13,0.432,0.169,0.161,0.381,0.17,0.12
U1063,200776.52,5,40155.3,0.459,0.301,0.149,0.069,0.134,0.347
U1064,133945.5,12,11162.12,0.778,0.408,0.288,0.094,0.13,0.08
U1065,36750.06,8,4593.76,0.741,0.43,0.116,0.175,0.162,0.117
U1066,41843.54,9,4649.28,0.833,0.48,0.076,0.082,0.133,0.229
U1067,15920.49,25,636.82,0.596,0.177,0.124,0.313,0.199,0.187
U1068,4907.64,28,175.27,0.704,0.095,0.173,0.317,0.172,0.244
U1069,66429.66,9,7381.07,0.891,0.537,0.126,0.116,0.101,0.12
U1070,122181.56,6,20363.59,0.861,0.395,0.216,0.156,0.113,0.12
U1071,14239.05,19,749.42,0.412,0.186,0.051,0.337,0.053,0.372
U1072,22130.66,24,922.11,0.615,0.102,0.075,0.463,0.067,0.292
U1073,14777.41,26,568.36,0.612,0.152,0.084,0.315,0.193,0.255
U1074,30866.98,28,1102.39,0.72,0.083,0.198,0.542,0.068,0.108
U1075,16095.79,10,1609.58,0.906,0.166,0.514,0.094,0.106,0.12
U1076,21800.41,43,506.99,0.728,0.111,0.149,0.514,0.105,0.12
U1077,93611.02,12,7800.92,0.86,0.326,0.298,0.066,0.138,0.172
U1078,11162.27,31,360.07,0.492,0.176,0.114,0.421,0.092,0.198
U1079,50391.88,5,10078.38,0.886,0.521,0.106,0.198,0.056,0.12
U1080,132418.26,10,13241.83,0.731,0.433,0.099,0.081,0.267,0.12
U1081,50932.87,17,2996.05,0.734,0.366,0.226,0.136,0.128,0.144
U1082,67153.45,6,11192.24,0.821,0.504,0.111,0.168,0.097,0.12
U1083,15712.04,24,654.67,0.703,0.083,0.112,0.326,0.063,0.416
U1084,9929.24,25,397.17,0.363,0.123,0.058,0.357,0.12,0.342
U1085,41206.09,23,1791.57,0.727,0.084,0.426,0.19,0.062,0.238
U1086,19405.89,14,1386.13,0.894,0.504,0.074,0.223,0.08,0.12
U1087,90891.98,13,6991.69,0.572,0.229,0.276,0.112,0.171,0.211
U1088,45415.53,16,2838.47,0.822,0.15,0.371,0.202,0.149,0.129
U1089,4491.88,33,136.12,0.677,0.153,0.199,0.353,0.199,0.096
U1090,128340.51,15,8556.03,0.722,0.463,0.136,0.102,0.179,0.12
U1091,31260.71,50,625.21,0.709,0.049,0.111,0.496,0.144,0.199
U1092,12799.45,48,266.66,0.466,0.06,0.162,0.546,0.113,0.12
U1093,77873.37,10,7787.34,0.683,0.554,0.066,0.19,0.071,0.12
U1094,60047.74,8,7505.97,0.617,0.454,0.051,0.208,0.166,0.12
U1095,69269.96,12,5772.5,0.696,0.21,0.2,0.114,0.175,0.302
U1096,15414.93,14,1101.07,0.421,0.128,0.153,0.254,0.132,0.332
U1097,37402.43,13,2877.11,0.8,0.423,0.037,0.166,0.063,0.311
U1098,17147.84,34,504.35,0.675,0.123,0.105,0.403,0.104,0.265
U1099,10413.71,48,216.95,0.559,0.039,0.124,0.605,0.112,0.12
U1100,22970.06,30,765.67,0.679,0.096,0.076,0.671,0.038,0.12
U1101,9222.54,14,658.75,0.595,0.158,0.112,0.252,0.105,0.374
U1102,120316.45,7,17188.06,0.507,0.321,0.186,0.158,0.148,0.188
U1103,13825.76,25,553.03,0.696,0.139,0.183,0.429,0.13,0.12
U1104,20945.21,19,1102.38,0.869,0.092,0.359,0.175,0.186,0.188
U1105,13685.96,28,488.78,0.606,0.1,0.114,0.574,0.118,0.094
U1106,50514.68,9,5612.74,0.695,0.24,0.202,0.097,0.287,0.175
U1107,26872.66,22,1221.48,0.927,0.169,0.356,0.197,0.159,0.12
U1108,17601.1,23,765.27,0.797,0.127,0.169,0.526,0.058,0.12
U1109,23122.97,31,745.9,0.731,0.15,0.146,0.517,0.063,0.124
U1110,19775.92,26,760.61,0.452,0.068,0.059,0.546,0.038,0.289
U1111,16956.23,12,1413.02,0.405,0.11,0.062,0.399,0.079,0.35
U1112,29717.02,25,1188.68,0.471,0.089,0.094,0.606,0.091,0.12
U1113,77200.6,9,8577.84,0.889,0.534,0.053,0.084,0.051,0.278
U1114,19251.93,49,392.9,0.446,0.051,0.102,0.656,0.103,0.088
U1115,20996.65,9,2332.96,0.577,0.577,0.048,0.097,0.159,0.12
U1116,10227.23,34,300.8,0.641,0.064,0.103,0.372,0.057,0.403
U1117,57530.1,19,3027.9,0.653,0.309,0.217,0.096,0.259,0.12
U1118,56874.08,11,5170.37,0.764,0.305,0.109,0.099,0.232,0.255
U1119,28745.14,52,552.79,0.534,0.103,0.132,0.574,0.071,0.12
U1120,12888.01,24,537.0,0.94,0.057,0.555,0.11,0.158,0.12
U1121,21080.96,17,1240.06,0.638,0.057,0.417,0.173,0.143,0.21
U1122,6011.5,12,500.96,0.543,0.07,0.197,0.427,0.084,0.222
U1123,19368.4,22,880.38,0.713,0.105,0.493,0.162,0.12,0.12
U1124,76680.28,5,15336.06,0.705,0.366,0.122,0.169,0.214,0.128
U1125,12140.77,8,1517.6,0.803,0.195,0.464,0.107,0.145,0.09
U1126,11884.14,22,540.19,0.756,0.116,0.528,0.126,0.11,0.12
U1127,14439.76,24,601.66,0.757,0.06,0.569,0.156,0.095,0.119
U1128,8035.82,23,349.38,0.666,0.175,0.093,0.323,0.086,0.323
U1129,17571.63,53,331.54,0.746,0.096,0.155,0.491,0.143,0.116
U1130,23745.78,41,579.17,0.454,0.143,0.112,0.488,0.035,0.221
U1131,16894.41,23,734.54,0.655,0.065,0.1,0.618,0.135,0.083
U1132,48940.72,7,6991.53,0.679,0.405,0.107,0.176,0.197,0.114
U1133,30318.67,11,2756.24,0.938,0.173,0.459,0.19,0.057,0.121
U1134,126992.7,13,9768.67,0.767,0.279,0.151,0.199,0.27,0.101
U1135,34215.99,6,5702.66,0.683,0.543,0.072,0.1,0.133,0.152
U1136,24881.51,5,4976.3,0.796,0.617,0.029,0.125,0.109,0.12
U1137,183099.79,7,26157.11,0.48,0.408,0.213,0.076,0.124,0.179
U1138,26736.67,34,786.37,0.485,0.039,0.155,0.618,0.068,0.12
U1139,27879.99,15,1858.67,0.761,0.117,0.558,0.092,0.113,0.12
U1140,12774.73,12,1064.56,0.693,0.197,0.119,0.273,0.137,0.273
U1141,32955.14,14,2353.94,0.781,0.078,0.353,0.164,0.129,0.276
U1142,179995.58,19,9473.45,0.671,0.466,0.153,0.116,0.117,0.148
U1143,19414.46,51,380.68,0.48,0.092,0.141,0.562,0.085,0.12
U1144,53971.62,10,5397.16,0.781,0.462,0.072,0.203,0.143,0.12
U1145,13650.39,49,278.58,0.729,0.122,0.066,0.623,0.069,0.12
U1146,82924.43,15,5528.3,0.786,0.463,0.111,0.182,0.123,0.12
U1147,29943.57,11,2722.14,0.629,0.512,0.129,0.115,0.146,0.098
U1148,49337.73,14,3524.12,0.872,0.525,0.115,0.08,0.16,0.12
U1149,14333.2,23,623.18,0.607,0.088,0.14,0.551,0.101,0.12
U1150,55079.14,13,4236.86,0.779,0.538,0.091,0.13,0.121,0.12
U1151,26782.61,24,1115.94,0.578,0.045,0.118,0.569,0.136,0.133
U1152,4496.17,32,140.51,0.538,0.184,0.152,0.284,0.182,0.197
U1153,11007.6,25,440.3,0.722,0.176,0.056,0.38,0.118,0.27
U1154,42312.99,22,1923.32,0.679,0.079,0.55,0.129,0.122,0.12
U1155,52481.11,10,5248.11,0.881,0.426,0.109,0.218,0.162,0.084
U1156,42370.01,20,2118.5,0.778,0.152,0.384,0.188,0.156,0.12
U1157,32839.98,10,3284.0,0.59,0.439,0.12,0.158,0.163,0.12
U1158,28119.37,36,781.09,0.439,0.102,0.102,0.562,0.114,0.12
U1159,43659.52,4,10914.88,0.735,0.451,0.064,0.178,0.097,0.209
U1160,41262.67,13,3174.05,0.856,0.16,0.387,0.107,0.155,0.191
U1161,56360.84,5,11272.17,0.756,0.405,0.112,0.156,0.206,0.12
U1162,16702.51,16,1043.91,0.707,0.097,0.507,0.193,0.083,0.12
U1163,10671.45,22,485.07,0.93,0.12,0.441,0.129,0.058,0.252
U1164,20149.02,5,4029.8,0.673,0.496,0.097,0.14,0.146,0.12
U1165,17056.23,23,741.58,0.56,0.198,0.17,0.369,0.141,0.122
U1166,92296.29,9,10255.14,0.768,0.426,0.233,0.065,0.157,0.12
U1167,75290.15,19,3962.64,0.511,0.211,0.133,0.156,0.128,0.372
U1168,12712.63,27,470.84,0.445,0.092,0.182,0.338,0.126,0.261
U1169,50462.79,6,8410.47,0.893,0.268,0.251,0.086,0.18,0.215
U1170,31779.01,27,1177.0,0.432,0.037,0.113,0.626,0.122,0.103
U1171,62063.4,6,10343.9,0.462,0.307,0.286,0.091,0.217,0.099
U1172,100676.27,8,12584.53,0.615,0.272,0.112,0.076,0.135,0.406
U1173,17087.78,31,551.22,0.637,0.05,0.05,0.277,0.122,0.501
U1174,58160.69,12,4846.72,0.693,0.338,0.137,0.057,0.224,0.244
U1175,29565.71,37,799.07,0.486,0.115,0.09,0.624,0.05,0.12
U1176,41689.92,9,4632.21,0.805,0.42,0.143,0.243,0.063,0.13
U1177,47547.27,15,3169.82,0.616,0.608,0.115,0.12,0.051,0.106
U1178,36578.76,15,2438.58,0.827,0.073,0.531,0.181,0.118,0.096
U1179,14876.92,18,826.5,0.491,0.131,0.192,0.319,0.117,0.242
U1180,95274.9,15,6351.66,0.555,0.376,0.265,0.14,0.1,0.12
U1181,74291.53,11,6753.78,0.78,0.25,0.25,0.133,0.255,0.112
U1182,23056.22,25,922.25,0.403,0.033,0.077,0.669,0.1,0.12
U1183,42200.01,23,1834.78,0.946,0.138,0.401,0.232,0.09,0.139
U1184,18376.01,11,1670.55,0.727,0.427,0.139,0.212,0.133,0.089
U1185,49880.32,14,3562.88,0.845,0.497,0.065,0.172,0.147,0.12
U1186,146602.58,11,13327.51,0.626,0.324,0.12,0.112,0.257,0.187
U1187,12658.82,8,1582.35,0.66,0.118,0.555,0.117,0.09,0.12
U1188,44124.24,11,4011.29,0.857,0.599,0.114,0.079,0.088,0.12
U1189,71166.72,5,14233.34,0.634,0.485,0.032,0.202,0.161,0.12
U1190,24581.76,8,3072.72,0.869,0.077,0.481,0.204,0.119,0.12
U1191,31253.41,40,781.34,0.745,0.145,0.175,0.48,0.08,0.12
U1192,83095.11,12,6924.59,0.831,0.594,0.053,0.198,0.06,0.096
U1193,18026.72,15,1201.78,0.756,0.094,0.46,0.213,0.114,0.12
U1194,10471.18,31,337.78,0.425,0.08,0.11,0.26,0.123,0.427
U1195,39291.94,10,3929.19,0.762,0.052,0.491,0.239,0.064,0.153
U1196,87904.47,18,4883.58,0.45,0.378,0.177,0.1,0.226,0.12
U1197,53949.02,13,4149.92,0.685,0.449,0.114,0.167,0.15,0.12
U1198,42911.23,5,8582.25,0.768,0.467,0.036,0.123,0.158,0.216
U1199,68131.62,12,5677.63,0.864,0.47,0.089,0.212,0.11,0.12
U1200,41340.1,15,2756.01,0.898,0.103,0.453,0.237,0.11,0.097
U1201,68010.4,12,5667.53,0.899,0.558,0.029,0.177,0.116,0.12
U1202,4351.98,21,207.24,0.41,0.181,0.052,0.425,0.191,0.151
U1203,20473.83,6,3412.31,0.742,0.504,0.092,0.145,0.139,0.12
U1204,6244.9,17,367.35,0.516,0.077,0.088,0.421,0.059,0.355
U1205,6195.8,16,387.24,0.409,0.064,0.114,0.419,0.13,0.274
U1206,28045.95,14,2003.28,0.655,0.199,0.358,0.147,0.165,0.132
U1207,138494.89,12,11541.24,0.769,0.232,0.273,0.143,0.166,0.185
U1208,15486.42,44,351.96,0.736,0.148,0.107,0.491,0.098,0.155
U1209,33487.81,22,1522.17,0.786,0.062,0.113,0.454,0.13,0.241
U1210,4290.44,34,126.19,0.581,0.058,0.076,0.408,0.088,0.369
U1211,38988.89,11,3544.44,0.939,0.156,0.46,0.138,0.153,0.093
U1212,22097.86,22,1004.45,0.733,0.135,0.418,0.172,0.155,0.12
U1213,45378.12,12,3781.51,0.805,0.072,0.519,0.103,0.134,0.173
U1214,22087.95,51,433.1,0.711,0.123,0.068,0.587,0.101,0.122
U1215,31205.03,53,588.77,0.777,0.094,0.15,0.586,0.049,0.12
U1216,218968.05,13,16843.7,0.702,0.317,0.182,0.099,0.129,0.273
U1217,39529.56,13,3040.74,0.694,0.111,0.453,0.173,0.143,0.12
U1218,12547.77,32,392.12,0.686,0.116,0.096,0.541,0.068,0.178
U1219,45683.21,21,2175.39,0.737,0.161,0.515,0.158,0.046,0.12
U1220,13162.86,38,346.39,0.658,0.115,0.129,0.535,0.102,0.12
U1221,20430.22,34,600.89,0.586,0.103,0.114,0.569,0.111,0.103
U1222,163108.44,19,8584.65,0.848,0.384,0.091,0.159,0.246,0.12
U1223,36546.8,17,2149.81,0.833,0.198,0.37,0.198,0.092,0.142
U1224,13315.73,14,951.12,0.78,0.113,0.547,0.105,0.061,0.174
U1225,57981.51,6,9663.58,0.84,0.508,0.121,0.139,0.111,0.12
U1226,26892.69,19,1415.4,0.688,0.167,0.506,0.138,0.07,0.118
U1227,81976.23,11,7452.38,0.597,0.508,0.058,0.222,0.093,0.12
U1228,30161.79,47,641.74,0.488,0.061,0.155,0.593,0.072,0.12
U1229,17523.57,17,1030.8,0.898,0.12,0.456,0.174,0.13,0.12
U1230,51594.3,6,8599.05,0.895,0.283,0.177,0.163,0.145,0.232
U1231,27165.94,22,1234.82,0.575,0.047,0.051,0.521,0.143,0.239
U1232,48199.7,22,2190.9,0.637,0.126,0.574,0.101,0.08,0.12
U1233,28394.63,20,1419.73,0.536,0.102,0.094,0.549,0.127,0.128
U1234,18572.76,30,619.09,0.466,0.141,0.055,0.629,0.079,0.096
U1235,123028.38,18,6834.91,0.523,0.35,0.152,0.112,0.175,0.211
U1236,161407.87,11,14673.44,0.501,0.278,0.231,0.067,0.282,0.141
U1237,20892.07,24,870.5,0.515,0.131,0.137,0.536,0.075,0.12
U1238,5294.37,22,240.65,0.533,0.178,0.079,0.35,0.112,0.281
U1239,26191.77,51,513.56,0.65,0.11,0.123,0.535,0.112,0.12
U1240,21894.65,13,1684.2,0.824,0.557,0.073,0.144,0.105,0.121
U1241,10798.18,23,469.49,0.814,0.09,0.539,0.146,0.087,0.138
U1242,70586.47,11,6416.95,0.737,0.419,0.113,0.156,0.161,0.151
U1243,4509.19,24,187.88,0.661,0.104,0.151,0.361,0.173,0.212
U1244,77422.91,9,8602.55,0.58,0.424,0.055,0.121,0.124,0.276
U1245,31458.22,24,1310.76,0.693,0.174,0.41,0.154,0.064,0.197
U1246,33519.28,15,2234.62,0.712,0.103,0.364,0.109,0.121,0.302
U1247,45270.14,14,3233.58,0.875,0.105,0.396,0.129,0.189,0.181
U1248,15331.01,28,547.54,0.537,0.097,0.137,0.372,0.181,0.212
U1249,179438.55,12,14953.21,0.815,0.475,0.102,0.093,0.12,0.21
U1250,14864.84,34,437.2,0.734,0.131,0.161,0.33,0.108,0.271
U1251,71284.42,15,4752.29,0.669,0.248,0.251,0.149,0.245,0.108
U1252,12999.77,18,722.21,0.632,0.107,0.492,0.19,0.091,0.12
U1253,175976.97,9,19553.0,0.685,0.276,0.176,0.153,0.229,0.166
U1254,14418.92,18,801.05,0.654,0.056,0.535,0.125,0.163,0.12
U1255,83346.49,7,11906.64,0.63,0.395,0.262,0.084,0.139,0.12
U1256,9049.6,25,361.98,0.428,0.082,0.156,0.367,0.185,0.21
U1257,22278.17,13,1713.71,0.709,0.067,0.582,0.166,0.065,0.12
U1258,77686.61,11,7062.42,0.715,0.494,0.029,0.213,0.144,0.12
U1259,20062.01,53,378.53,0.72,0.027,0.132,0.652,0.068,0.12
U1260,132459.76,12,11038.31,0.567,0.284,0.293,0.167,0.112,0.144
U1261,73986.11,9,8220.68,0.806,0.558,0.03,0.169,0.124,0.12
U1262,34955.18,14,2496.8,0.88,0.064,0.529,0.229,0.062,0.116
U1263,35395.51,19,1862.92,0.716,0.065,0.553,0.146,0.101,0.135
U1264,171990.76,17,10117.1,0.676,0.367,0.185,0.074,0.254,0.12
U1265,15581.05,46,338.72,0.73,0.06,0.093,0.611,0.116,0.12
U1266,18799.74,45,417.77,0.504,0.034,0.175,0.566,0.105,0.12
U1267,28754.08,16,1797.13,0.886,0.125,0.501,0.101,0.055,0.218
U1268,28148.15,44,639.73,0.704,0.144,0.118,0.477,0.105,0.156
U1269,22480.04,6,3746.67,0.854,0.583,0.1,0.144,0.061,0.113
U1270,4777.59,26,183.75,0.541,0.131,0.098,0.417,0.2,0.153
U1271,38415.46,6,6402.58,0.563,0.601,0.045,0.164,0.074,0.116
U1272,4546.86,25,181.87,0.536,0.162,0.09,0.387,0.179,0.182
U1273,15284.0,20,764.2,0.411,0.071,0.098,0.587,0.124,0.12
U1274,36874.74,21,1755.94,0.757,0.157,0.466,0.136,0.12,0.12
U1275,63324.93,15,4221.66,0.819,0.509,0.121,0.138,0.112,0.12
U1276,17868.25,5,3573.65,0.642,0.614,0.048,0.109,0.109,0.12
U1277,36420.0,11,3310.91,0.762,0.131,0.373,0.249,0.107,0.14
U1278,84889.52,5,16977.9,0.775,0.396,0.123,0.131,0.253,0.098
U1279,6811.33,23,296.14,0.384,0.183,0.122,0.435,0.107,0.154
U1280,31705.82,22,1441.17,0.762,0.145,0.424,0.136,0.131,0.164
U1281,60989.1,15,4065.94,0.877,0.446,0.118,0.164,0.071,0.201
U1282,28969.7,36,804.71,0.449,0.036,0.169,0.57,0.105,0.12
U1283,10180.72,21,484.8,0.567,0.096,0.064,0.308,0.105,0.428
U1284,35650.96,8,4456.37,0.922,0.168,0.483,0.135,0.094,0.12
U1285,13135.5,20,656.78,0.644,0.061,0.145,0.391,0.167,0.237
U1286,40507.45,17,2382.79,0.62,0.159,0.514,0.142,0.065,0.12
U1287,81100.16,12,6758.35,0.619,0.44,0.144,0.161,0.173,0.083
U1288,170318.84,14,12165.63,0.695,0.336,0.241,0.132,0.172,0.12
U1289,72507.65,4,18126.91,0.883,0.422,0.095,0.163,0.097,0.223
U1290,72585.97,9,8065.11,0.663,0.523,0.071,0.13,0.156,0.12
U1291,38674.16,9,4297.13,0.747,0.506,0.091,0.143,0.14,0.12
U1292,27313.77,42,650.33,0.723,0.106,0.12,0.517,0.113,0.143
U1293,6482.23,33,196.43,0.618,0.188,0.161,0.256,0.12,0.275
U1294,37025.46,9,4113.94,0.729,0.17,0.364,0.181,0.171,0.114
U1295,41896.55,23,1821.59,0.851,0.126,0.375,0.247,0.063,0.189
U1296,16337.39,15,1089.16,0.703,0.126,0.471,0.139,0.144,0.12
U1297,52609.67,7,7515.67,0.66,0.451,0.125,0.118,0.162,0.143
U1298,6893.67,20,344.68,0.362,0.1,0.168,0.393,0.173,0.165
U1299,18732.46,49,382.3,0.546,0.127,0.103,0.516,0.07,0.185
U1300,82755.22,12,6896.27,0.574,0.417,0.112,0.165,0.209,0.098
U1301,27460.29,36,762.79,0.544,0.047,0.096,0.687,0.068,0.103
U1302,43762.2,8,5470.27,0.594,0.56,0.084,0.13,0.06,0.166
U1303,33147.62,46,720.6,0.542,0.076,0.095,0.546,0.078,0.205
U1304,82455.25,6,13742.54,0.864,0.523,0.118,0.178,0.062,0.12
U1305,17386.33,24,724.43,0.438,0.059,0.165,0.357,0.168,0.252
U1306,8062.75,21,383.94,0.474,0.068,0.13,0.439,0.112,0.251
U1307,11215.44,28,400.55,0.563,0.165,0.067,0.436,0.093,0.239
U1308,184691.95,7,26384.56,0.707,0.369,0.164,0.123,0.224,0.12
U1309,10511.42,17,618.32,0.431,0.169,0.081,0.39,0.093,0.267
U1310,33039.2,50,660.78,0.764,0.057,0.095,0.646,0.081,0.12
U1311,98964.88,10,9896.49,0.661,0.293,0.233,0.141,0.213,0.12
U1312,34227.82,24,1426.16,0.862,0.134,0.509,0.177,0.06,0.12
U1313,88394.4,13,6799.57,0.616,0.485,0.045,0.088,0.117,0.266
U1314,34691.33,14,2477.95,0.783,0.585,0.131,0.103,0.061,0.12
U1315,14370.32,23,624.8,0.517,0.172,0.078,0.292,0.155,0.303
U1316,7033.92,26,270.54,0.572,0.101,0.098,0.254,0.14,0.408
U1317,48900.22,12,4075.02,0.685,0.14,0.391,0.19,0.159,0.12
U1318,106836.01,9,11870.67,0.814,0.442,0.159,0.123,0.156,0.12
U1319,14424.08,51,282.83,0.406,0.035,0.127,0.61,0.108,0.12
U1320,13846.39,25,553.86,0.362,0.086,0.06,0.421,0.113,0.32
U1321,185365.86,15,12357.72,0.868,0.207,0.141,0.155,0.217,0.279
U1322,37786.41,20,1889.32,0.649,0.079,0.378,0.14,0.096,0.307
U1323,23366.54,9,2596.28,0.725,0.057,0.492,0.246,0.061,0.144
U1324,76250.88,12,6354.24,0.652,0.593,0.108,0.09,0.088,0.12
U1325,51349.03,10,5134.9,0.691,0.485,0.106,0.141,0.102,0.166
U1326,20862.88,21,993.47,0.945,0.063,0.431,0.229,0.112,0.166
U1327,33369.88,8,4171.24,0.779,0.117,0.378,0.199,0.172,0.135
U1328,41711.88,7,5958.84,0.643,0.443,0.079,0.247,0.052,0.18
U1329,21607.94,49,440.98,0.75,0.101,0.062,0.621,0.096,0.12
U1330,217656.45,18,12092.02,0.472,0.292,0.288,0.156,0.101,0.163
U1331,15687.66,40,392.19,0.518,0.089,0.13,0.55,0.111,0.12
U1332,24631.73,9,2736.86,0.862,0.128,0.402,0.197,0.153,0.12
U1333,19217.84,12,1601.49,0.915,0.091,0.486,0.168,0.136,0.12
U1334,8709.39,41,212.42,0.744,0.089,0.172,0.555,0.064,0.12
U1335,9611.23,27,355.97,0.717,0.136,0.187,0.312,0.145,0.22
U1336,8014.4,15,534.29,0.423,0.089,0.155,0.306,0.146,0.305
U1337,21348.99,48,444.77,0.429,0.041,0.117,0.628,0.035,0.179
U1338,26879.23,14,1919.95,0.784,0.427,0.142,0.123,0.183,0.125
U1339,84224.11,6,14037.35,0.684,0.551,0.065,0.085,0.116,0.182
U1340,14503.65,18,805.76,0.358,0.113,0.104,0.427,0.09,0.267
U1341,219736.61,9,24415.18,0.659,0.234,0.105,0.142,0.234,0.285
U1342,8437.81,20,421.89,0.75,0.124,0.105,0.571,0.08,0.12
U1343,49497.08,9,5499.68,0.862,0.104,0.407,0.165,0.08,0.244
U1344,80162.31,11,7287.48,0.85,0.501,0.099,0.138,0.143,0.12
U1345,19436.22,15,1295.75,0.708,0.517,0.082,0.184,0.089,0.128
U1346,14406.41,33,436.56,0.414,0.091,0.147,0.568,0.073,0.12
U1347,23265.54,46,505.77,0.765,0.097,0.097,0.538,0.109,0.158
U1348,23776.88,48,495.35,0.564,0.111,0.095,0.603,0.061,0.131
U1349,20376.11,13,1567.39,0.589,0.564,0.037,0.201,0.078,0.12
U1350,106093.82,18,5894.1,0.848,0.34,0.195,0.084,0.261,0.12
U1351,32190.07,25,1287.6,0.474,0.051,0.083,0.646,0.099,0.12
U1352,12740.67,28,455.02,0.79,0.093,0.15,0.545,0.092,0.12
U1353,43196.79,16,2699.8,0.788,0.094,0.396,0.217,0.121,0.172
U1354,14912.23,39,382.36,0.771,0.146,0.138,0.509,0.119,0.088
U1355,15549.85,5,3109.97,0.65,0.405,0.112,0.219,0.163,0.102
U1356,25836.05,7,3690.86,0.881,0.492,0.039,0.122,0.097,0.25
U1357,20185.65,29,696.06,0.449,0.079,0.115,0.619,0.068,0.12
U1358,16502.46,14,1178.75,0.627,0.186,0.183,0.315,0.085,0.23
U1359,7836.7,17,460.98,0.383,0.07,0.082,0.252,0.057,0.539
U1360,37942.01,19,1996.95,0.931,0.065,0.484,0.145,0.073,0.232
U1361,6397.32,17,376.31,0.444,0.166,0.156,0.399,0.154,0.125
U1362,13907.28,20,695.36,0.593,0.065,0.196,0.42,0.084,0.236
U1363,30754.53,9,3417.17,0.911,0.09,0.365,0.164,0.172,0.208
U1364,44801.46,9,4977.94,0.897,0.603,0.068,0.101,0.108,0.12
U1365,19455.27,48,405.32,0.791,0.059,0.088,0.638,0.095,0.12
U1366,128805.95,7,18400.85,0.787,0.329,0.149,0.172,0.153,0.197
U1367,4902.15,21,233.44,0.696,0.104,0.189,0.387,0.183,0.137
U1368,5244.94,12,437.08,0.618,0.119,0.076,0.341,0.19,0.275
U1369,26431.94,23,1149.21,0.819,0.098,0.51,0.189,0.083,0.12
U1370,43518.96,12,3626.58,0.925,0.09,0.526,0.188,0.075,0.12
U1371,95061.58,8,11882.7,0.667,0.353,0.132,0.076,0.106,0.333
U1372,4424.91,21,210.71,0.684,0.154,0.12,0.289,0.115,0.323
U1373,6892.1,22,313.28,0.654,0.126,0.169,0.425,0.142,0.138
U1374,9700.87,14,692.92,0.679,0.16,0.185,0.278,0.13,0.247
U1375,16514.29,10,1651.43,0.678,0.421,0.069,0.129,0.165,0.217
U1376,11418.51,46,248.23,0.796,0.079,0.112,0.59,0.099,0.12
U1377,28538.91,7,4076.99,0.562,0.547,0.095,0.144,0.094,0.12
U1378,82156.18,9,9128.46,0.655,0.516,0.034,0.177,0.153,0.12
U1379,12782.72,27,473.43,0.745,0.107,0.054,0.387,0.052,0.4
U1380,32732.45,23,1423.15,0.805,0.075,0.373,0.236,0.131,0.185
U1381,39231.31,6,6538.55,0.827,0.533,0.089,0.191,0.069,0.118
U1382,43144.27,10,4314.43,0.789,0.078,0.5,0.116,0.164,0.141
U1383,16401.16,25,656.05,0.553,0.048,0.093,0.64,0.117,0.102
U1384,61097.71,11,5554.34,0.609,0.409,0.105,0.213,0.152,0.12
U1385,13578.12,32,424.32,0.724,0.11,0.089,0.352,0.199,0.25
U1386,32357.51,30,1078.58,0.479,0.087,0.075,0.677,0.034,0.126
U1387,7146.16,23,310.7,0.51,0.09,0.128,0.347,0.102,0.333
U1388,160305.61,18,8905.87,0.581,0.439,0.13,0.068,0.202,0.161
U1389,44598.01,11,4054.36,0.637,0.109,0.502,0.17,0.099,0.12
U1390,18029.85,8,2253.73,0.659,0.55,0.048,0.143,0.095,0.163
U1391,90502.43,9,10055.83,0.513,0.494,0.135,0.122,0.134,0.114
U1392,8877.37,21,422.73,0.354,0.176,0.151,0.405,0.148,0.12
U1393,72364.02,15,4824.27,0.869,0.489,0.04,0.174,0.076,0.222
U1394,27665.31,33,838.34,0.743,0.041,0.142,0.59,0.107,0.12
U1395,156634.12,9,17403.79,0.566,0.414,0.106,0.094,0.119,0.266
U1396,10317.09,27,382.11,0.489,0.08,0.143,0.382,0.179,0.215
U1397,26751.79,47,569.19,0.676,0.094,0.084,0.613,0.088,0.12
U1398,59035.24,14,4216.8,0.66,0.467,0.057,0.212,0.144,0.12
U1399,17525.97,16,1095.37,0.378,0.143,0.191,0.285,0.132,0.249
U1400,75897.56,6,12649.59,0.673,0.478,0.092,0.166,0.144,0.12
U1401,6108.84,23,265.6,0.662,0.071,0.105,0.358,0.118,0.347
U1402,44834.69,7,6404.96,0.587,0.49,0.098,0.193,0.099,0.12
U1403,11335.45,26,435.98,0.503,0.079,0.172,0.573,0.056,0.12
U1404,115009.03,11,10455.37,0.886,0.422,0.144,0.145,0.169,0.119
U1405,42456.58,15,2830.44,0.651,0.065,0.513,0.118,0.056,0.247
U1406,23298.24,20,1164.91,0.722,0.082,0.43,0.247,0.096,0.145
U1407,88335.44,12,7361.29,0.639,0.527,0.029,0.214,0.109,0.12
U1408,60508.25,10,6050.83,0.826,0.38,0.133,0.138,0.229,0.12
U1409,23933.59,52,460.26,0.752,0.116,0.159,0.519,0.086,0.12
U1410,38288.76,7,5469.82,0.58,0.496,0.075,0.123,0.065,0.24
U1411,11303.34,28,403.69,0.406,0.079,0.185,0.444,0.09,0.201
U1412,134713.55,8,16839.19,0.769,0.246,0.112,0.088,0.134,0.42
U1413,60374.81,11,5488.62,0.64,0.615,0.036,0.174,0.055,0.12
U1414,210852.74,7,30121.82,0.629,0.327,0.133,0.104,0.281,0.155
U1415,29745.12,23,1293.27,0.725,0.043,0.185,0.457,0.083,0.232
U1416,52546.77,10,5254.68,0.601,0.552,0.076,0.163,0.089,0.12
U1417,16229.1,15,1081.94,0.756,0.049,0.558,0.218,0.056,0.12
U1418,54947.0,6,9157.83,0.636,0.535,0.06,0.2,0.106,0.1
U1419,41231.08,21,1963.38,0.81,0.082,0.506,0.16,0.132,0.12
U1420,69452.28,12,5787.69,0.697,0.345,0.164,0.128,0.277,0.087
U1421,44243.95,22,2011.09,0.674,0.105,0.41,0.106,0.112,0.267
U1422,74190.23,7,10598.6,0.768,0.517,0.122,0.166,0.105,0.09
U1423,28431.73,8,3553.97,0.792,0.554,0.073,0.174,0.08,0.12
U1424,35545.29,7,5077.9,0.764,0.565,0.065,0.1,0.15,0.12
U1425,63309.48,13,4869.96,0.804,0.511,0.101,0.154,0.114,0.12
U1426,49021.44,8,6127.68,0.554,0.436,0.091,0.099,0.091,0.281
U1427,30542.54,47,649.84,0.58,0.051,0.14,0.486,0.106,0.217
U1428,71005.19,8,8875.65,0.637,0.537,0.069,0.186,0.089,0.12
U1429,105045.82,16,6565.36,0.594,0.217,0.12,0.063,0.162,0.437
U1430,50548.25,9,5616.47,0.7,0.437,0.099,0.148,0.059,0.256
U1431,194472.48,16,12154.53,0.894,0.356,0.104,0.092,0.288,0.16
U1432,100943.19,18,5607.95,0.776,0.219,0.205,0.186,0.18,0.21
U1433,83534.03,12,6961.17,0.808,0.383,0.154,0.084,0.285,0.094
U1434,62779.22,13,4829.17,0.572,0.49,0.097,0.181,0.112,0.12
U1435,15376.19,17,904.48,0.723,0.119,0.096,0.275,0.151,0.36
U1436,33367.11,11,3033.37,0.81,0.16,0.433,0.16,0.141,0.106
U1437,13865.16,18,770.29,0.628,0.082,0.57,0.124,0.104,0.12
U1438,15384.66,51,301.66,0.424,0.122,0.094,0.502,0.116,0.166
U1439,38185.25,12,3182.1,0.862,0.436,0.052,0.136,0.148,0.229
U1440,30952.49,19,1629.08,0.611,0.144,0.542,0.09,0.104,0.12
U1441,70493.57,5,14098.71,0.758,0.566,0.079,0.101,0.134,0.12
U1442,43157.2,13,3319.78,0.558,0.491,0.084,0.182,0.073,0.17
U1443,47464.08,14,3390.29,0.561,0.474,0.068,0.163,0.157,0.137
U1444,26380.75,51,517.27,0.743,0.087,0.129,0.57,0.094,0.12
U1445,26692.13,48,556.09,0.503,0.145,0.131,0.517,0.055,0.152
U1446,15413.72,14,1100.98,0.355,0.05,0.186,0.253,0.055,0.456
U1447,84958.0,13,6535.23,0.836,0.377,0.24,0.089,0.12,0.174
U1448,31311.22,18,1739.51,0.804,0.074,0.53,0.136,0.139,0.12
U1449,11195.76,25,447.83,0.515,0.117,0.18,0.345,0.169,0.189
U1450,18665.66,36,518.49,0.598,0.066,0.15,0.603,0.061,0.12
U1451,20171.47,25,806.86,0.486,0.064,0.063,0.653,0.068,0.152
U1452,11512.33,17,677.2,0.694,0.091,0.055,0.424,0.059,0.372
U1453,5186.08,21,246.96,0.677,0.08,0.056,0.263,0.118,0.483
U1454,121099.88,10,12109.99,0.53,0.373,0.267,0.068,0.108,0.184
U1455,9519.92,24,396.66,0.515,0.032,0.075,0.576,0.03,0.287
U1456,4571.77,19,240.62,0.674,0.132,0.079,0.303,0.146,0.34
U1457,104163.73,17,6127.28,0.883,0.387,0.237,0.143,0.113,0.12
U1458,49897.49,6,8316.25,0.861,0.457,0.145,0.2,0.079,0.118
U1459,20500.24,22,931.83,0.402,0.055,0.1,0.589,0.135,0.12
U1460,113039.13,15,7535.94,0.682,0.39,0.188,0.089,0.213,0.12
U1461,11734.83,41,286.22,0.442,0.093,0.116,0.519,0.139,0.134
U1462,12423.61,23,540.16,0.748,0.071,0.177,0.296,0.086,0.37
U1463,134687.57,14,9620.54,0.566,0.265,0.109,0.161,0.118,0.348
U1464,54849.32,7,7835.62,0.643,0.552,0.108,0.103,0.132,0.105
U1465,50374.97,5,10074.99,0.768,0.51,0.126,0.132,0.112,0.12
U1466,12252.57,24,510.52,0.414,0.048,0.076,0.64,0.098,0.138
U1467,15172.52,12,1264.38,0.54,0.074,0.161,0.251,0.114,0.4
U1468,6636.55,18,368.7,0.633,0.072,0.15,0.388,0.05,0.339
U1469,8446.41,14,603.32,0.623,0.082,0.09,0.266,0.123,0.44
U1470,8891.89,48,185.25,0.656,0.14,0.184,0.475,0.065,0.136
U1471,11294.52,17,664.38,0.561,0.117,0.138,0.434,0.091,0.219
U1472,62932.24,9,6992.47,0.702,0.471,0.114,0.18,0.116,0.12
U1473,20461.53,37,553.01,0.59,0.143,0.106,0.564,0.092,0.095
U1474,12203.05,21,581.1,0.677,0.175,0.07,0.369,0.198,0.188
U1475,33986.33,17,1999.2,0.603,0.061,0.528,0.176,0.116,0.12
U1476,72612.22,14,5186.59,0.734,0.406,0.232,0.144,0.097,0.12
U1477,73624.12,13,5663.39,0.856,0.484,0.103,0.19,0.102,0.12
U1478,89907.02,7,12843.86,0.763,0.217,0.261,0.129,0.299,0.095
U1479,90799.06,8,11349.88,0.785,0.333,0.172,0.173,0.202,0.12
U1480,78026.74,4,19506.68,0.733,0.417,0.11,0.19,0.195,0.088
U1481,5867.42,18,325.97,0.403,0.113,0.082,0.293,0.18,0.331
U1482,16743.44,31,540.11,0.571,0.102,0.106,0.512,0.057,0.223
U1483,20796.08,26,799.85,0.713,0.065,0.159,0.604,0.052,0.12
U1484,14957.65,15,997.18,0.839,0.108,0.469,0.14,0.1,0.183
U1485,196487.28,5,39297.46,0.743,0.422,0.166,0.056,0.236,0.12
U1486,10794.78,14,771.06,0.624,0.116,0.395,0.222,0.142,0.125
U1487,31750.53,44,721.6,0.762,0.038,0.093,0.497,0.047,0.324
U1488,12635.09,54,233.98,0.714,0.138,0.135,0.497,0.04,0.19
U1489,52059.72,5,10411.94,0.767,0.575,0.036,0.15,0.133,0.107
U1490,33931.66,11,3084.7,0.932,0.114,0.508,0.132,0.125,0.12
U1491,17624.62,36,489.57,0.408,0.061,0.188,0.464,0.074,0.213
U1492,36088.09,24,1503.67,0.671,0.131,0.455,0.187,0.107,0.12
U1493,35957.78,6,5992.96,0.669,0.488,0.071,0.174,0.146,0.12
U1494,54600.75,9,6066.75,0.715,0.582,0.027,0.114,0.157,0.12
U1495,63198.2,9,7022.02,0.781,0.49,0.119,0.212,0.095,0.084
U1496,88220.0,13,6786.15,0.626,0.529,0.101,0.126,0.124,0.12
U1497,16629.5,11,1511.77,0.752,0.493,0.051,0.227,0.08,0.149
U1498,87498.1,15,5833.21,0.712,0.489,0.136,0.138,0.138,0.098
U1499,77073.18,7,11010.45,0.551,0.458,0.053,0.111,0.126,0.252
U1500,138414.36,13,10647.26,0.541,0.228,0.233,0.123,0.233,0.183
