user_id,purchase_amount,user_monthly_spend,category_average_purchase,purchase_count_last_30_days,days_since_last_purchase,amount_to_monthly_spend_ratio,amount_to_category_average_ratio,is_anomaly
U0078,1439.81,37533.17,3466.7,7,3,0.0384,0.4153,0
U0134,2102.21,9440.33,11943.07,4,7,0.2227,0.176,0
U0055,1519.2,63081.08,11710.13,9,7,0.0241,0.1297,0
U0146,561.97,62205.31,10439.07,11,2,0.009,0.0538,0
U0204,1082.46,26951.43,3416.79,13,9,0.0402,0.3168,0
U0002,868.42,19889.13,10442.05,15,14,0.0437,0.0832,0
U0043,1277.74,31409.45,2718.98,11,10,0.0407,0.4699,0
U0012,1004.67,87950.4,9911.46,13,0,0.0114,0.1014,0
U0165,81810.29,9468.64,489.6,10,45,8.6401,167.0977,1
U0011,700.79,35035.2,7713.55,10,8,0.02,0.0909,0
U0245,1015.39,74406.78,7728.84,14,6,0.0136,0.1314,0
U0153,3079.12,78642.13,8186.29,6,17,0.0392,0.3761,0
U0067,708.37,73129.99,4225.04,6,17,0.0097,0.1677,0
U0149,9109.57,62755.49,4798.89,12,15,0.1452,1.8983,0
U0247,907.48,25323.45,1619.38,9,1,0.0358,0.5604,0
U0033,531.95,20531.86,2741.57,7,16,0.0259,0.194,0
U0021,2370.08,60750.16,11685.11,8,3,0.039,0.2028,0
U0202,4490.88,81561.44,4893.22,10,11,0.0551,0.9178,0
U0171,825.43,19244.14,4888.04,10,1,0.0429,0.1689,0
U0053,2124.83,17210.88,11039.04,15,1,0.1235,0.1925,0
U0227,138667.11,83991.03,14750.91,7,31,1.651,9.4006,1
U0143,1641.3,21317.26,11290.49,13,3,0.077,0.1454,0
U0120,284.87,32070.63,2128.6,6,15,0.0089,0.1338,0
U0208,837.6,10827.5,11858.5,4,20,0.0774,0.0706,0
U0229,126861.19,59486.74,3846.04,11,15,2.1326,32.9849,1
U0174,1657.41,69901.84,1408.97,9,11,0.0237,1.1763,0
U0228,3612.08,16834.35,10346.78,18,11,0.2146,0.3491,0
U0109,996.18,11497.05,3305.52,6,15,0.0866,0.3014,0
U0051,1237.71,17688.45,4654.58,5,6,0.07,0.2659,0
U0243,1907.67,45440.0,5785.94,10,15,0.042,0.3297,0
U0101,1435.69,11153.31,3538.18,12,10,0.1287,0.4058,0
U0114,1601.53,81806.71,8354.59,13,20,0.0196,0.1917,0
U0012,991.87,15281.2,9112.44,11,3,0.0649,0.1088,0
U0192,95926.77,74410.24,6303.46,12,34,1.2892,15.2181,1
U0078,2358.3,73947.39,7560.13,7,19,0.0319,0.3119,0
U0139,744.57,83539.11,11633.38,5,16,0.0089,0.064,0
U0074,1009.95,65187.48,893.86,11,5,0.0155,1.1299,0
U0230,91383.2,31523.03,11826.54,8,41,2.8989,7.727,1
U0240,3068.44,29642.29,9204.63,12,13,0.1035,0.3334,0
U0068,2422.94,52283.17,4379.34,17,6,0.0463,0.5533,0
U0091,775.0,24861.41,2591.22,7,14,0.0312,0.2991,0
U0069,2182.66,21189.02,9263.25,5,19,0.103,0.2356,0
U0106,1145.61,58567.72,8674.08,9,3,0.0196,0.1321,0
U0189,772.52,26923.27,9191.9,12,4,0.0287,0.084,0
U0212,1209.77,24041.63,5800.3,8,3,0.0503,0.2086,0
U0167,1116.49,35571.85,3639.34,11,12,0.0314,0.3068,0
U0211,2210.71,57915.66,9977.89,13,15,0.0382,0.2216,0
U0182,1759.76,65843.32,4525.35,10,2,0.0267,0.3889,0
U0074,852.34,17159.88,1812.79,13,2,0.0497,0.4702,0
U0094,1012.06,8195.99,6159.34,9,12,0.1235,0.1643,0
U0151,595.82,63528.69,2683.94,6,9,0.0094,0.222,0
U0171,909.71,35145.28,4866.69,10,20,0.0259,0.1869,0
U0182,1045.3,27688.75,5545.3,10,3,0.0378,0.1885,0
U0105,2164.9,14681.36,8145.71,10,7,0.1475,0.2658,0
U0241,1145.73,20944.15,6913.74,14,4,0.0547,0.1657,0
U0076,2456.64,82659.06,6692.08,8,14,0.0297,0.3671,0
U0116,34790.66,94022.91,8970.92,11,41,0.37,3.8782,1
U0122,1568.54,20103.28,8654.63,10,13,0.078,0.1812,0
U0014,1245.84,70711.86,7898.47,14,5,0.0176,0.1577,0
U0228,1842.85,76187.13,8280.19,13,4,0.0242,0.2226,0
U0220,3721.31,88164.87,3994.43,9,16,0.0422,0.9316,0
U0048,564.51,64802.5,6168.91,8,4,0.0087,0.0915,0
U0117,1052.37,57223.61,2292.68,8,18,0.0184,0.459,0
U0219,206665.18,63262.91,10556.42,7,0,3.2668,19.5772,1
U0100,129228.14,18557.4,1648.78,7,26,6.9637,78.3781,1
U0214,733.59,33267.69,9936.32,12,14,0.0221,0.0738,0
U0158,679.99,50898.57,7608.81,9,1,0.0134,0.0894,0
U0010,1696.7,43980.45,4558.83,9,5,0.0386,0.3722,0
U0180,1340.97,36989.13,11845.01,7,11,0.0363,0.1132,0
U0048,396.67,59174.5,7976.28,11,14,0.0067,0.0497,0
U0154,746.48,60769.71,4004.51,9,6,0.0123,0.1864,0
U0066,417.24,8448.89,6528.88,10,11,0.0494,0.0639,0
U0085,1033.92,26076.08,1426.82,12,4,0.0397,0.7246,0
U0156,529.59,46539.58,10105.07,5,4,0.0114,0.0524,0
U0014,2264.18,15425.6,11160.79,11,17,0.1468,0.2029,0
U0166,2006.01,36322.95,6119.45,12,15,0.0552,0.3278,0
U0106,1121.8,12056.42,3255.15,5,6,0.093,0.3446,0
U0248,2203.05,32198.23,11608.7,10,14,0.0684,0.1898,0
U0187,1025.77,71138.49,11273.93,13,6,0.0144,0.091,0
U0013,5050.3,30540.94,6844.27,10,12,0.1654,0.7379,0
U0170,960.47,57351.91,6696.88,9,15,0.0167,0.1434,0
U0175,2550.43,30782.43,7923.28,9,1,0.0829,0.3219,0
U0053,1478.37,47234.54,7429.01,11,18,0.0313,0.199,0
U0050,1403.01,18358.69,4038.3,9,8,0.0764,0.3474,0
U0135,3537.34,25852.34,8218.9,7,7,0.1368,0.4304,0
U0204,767.49,73638.06,1260.19,11,7,0.0104,0.609,0
U0188,48535.77,38406.93,6300.98,14,8,1.2637,7.7029,1
U0112,3112.63,34184.0,3696.53,13,12,0.0911,0.842,0
U0155,2533.94,49833.35,6986.52,13,17,0.0508,0.3627,0
U0214,1448.47,72535.8,3882.24,5,12,0.02,0.3731,0
U0194,789.87,13077.47,9746.01,4,8,0.0604,0.081,0
U0118,2075.0,11845.26,10937.54,10,4,0.1752,0.1897,0
U0072,1584.95,32022.14,11241.27,15,7,0.0495,0.141,0
U0239,4283.52,31005.69,11961.16,10,7,0.1382,0.3581,0
U0046,2350.59,63107.67,11967.96,9,10,0.0372,0.1964,0
U0096,1137.52,23808.4,7489.0,10,3,0.0478,0.1519,0
U0026,84591.98,23458.19,14924.95,5,0,3.6061,5.6678,1
U0177,1803.24,28790.84,2780.39,14,3,0.0626,0.6486,0
U0055,1179.58,45573.83,2298.04,6,5,0.0259,0.5133,0
U0237,1275.24,29882.58,8361.78,6,3,0.0427,0.1525,0
U0113,707.29,21633.33,7720.26,8,13,0.0327,0.0916,0
U0036,1201.69,82204.39,736.03,12,7,0.0146,1.6327,0
U0202,1683.59,30175.83,8591.47,14,9,0.0558,0.196,0
U0204,79756.03,95952.99,2234.47,15,13,0.8312,35.6934,1
U0068,201902.84,9839.45,7903.98,8,2,20.5197,25.5444,1
U0073,1383.99,77207.98,10910.97,10,11,0.0179,0.1268,0
U0004,883.31,21353.67,4858.21,8,5,0.0414,0.1818,0
U0184,1494.81,87254.26,2632.59,4,3,0.0171,0.5678,0
U0127,800.47,39181.49,3840.61,7,1,0.0204,0.2084,0
U0150,868.51,64327.66,9236.01,8,12,0.0135,0.094,0
U0052,1611.78,11339.02,1543.89,6,10,0.1421,1.044,0
U0179,2572.31,64807.65,537.01,12,0,0.0397,4.7901,0
U0071,1571.25,82826.98,6694.49,7,12,0.019,0.2347,0
U0238,1683.29,44508.33,7146.91,11,7,0.0378,0.2355,0
U0058,1835.55,11772.93,10744.57,8,14,0.1559,0.1708,0
U0039,1812.92,39106.47,831.53,13,15,0.0464,2.1802,0
U0177,3328.72,29309.3,4097.21,11,15,0.1136,0.8124,0
U0012,3240.63,48432.66,2589.89,8,7,0.0669,1.2513,0
U0129,2207.23,19960.81,7713.44,11,16,0.1106,0.2862,0
U0056,647.81,24053.88,4284.33,13,11,0.0269,0.1512,0
U0222,610.07,77864.73,9001.79,11,17,0.0078,0.0678,0
U0180,1818.17,18297.17,5310.94,11,19,0.0994,0.3423,0
U0193,971.79,61207.12,3653.37,14,4,0.0159,0.266,0
U0243,867.03,60138.58,5912.12,6,2,0.0144,0.1467,0
U0066,1877.7,18733.8,9929.02,9,12,0.1002,0.1891,0
U0195,646.49,21797.1,10629.83,10,7,0.0297,0.0608,0
U0008,2154.02,36437.13,8099.79,17,3,0.0591,0.2659,0
U0190,70106.81,57126.73,9622.23,8,16,1.2272,7.2859,1
U0237,137344.64,67060.52,2689.26,4,12,2.0481,51.0715,1
U0230,1588.56,14852.17,6109.92,9,1,0.107,0.26,0
U0036,506.2,52681.16,8005.81,9,0,0.0096,0.0632,0
U0226,1897.07,40681.27,10066.19,10,15,0.0466,0.1885,0
U0115,1004.91,14850.9,720.51,9,8,0.0677,1.3947,0
U0157,151203.68,61852.23,12039.55,5,6,2.4446,12.5589,1
U0026,279.85,61877.63,11263.05,8,1,0.0045,0.0248,0
U0165,972.55,20363.06,4419.6,9,18,0.0478,0.2201,0
U0068,1392.21,84345.72,5934.78,9,20,0.0165,0.2346,0
U0125,1065.88,12335.72,7686.51,7,0,0.0864,0.1387,0
U0139,2363.67,15858.73,4707.37,16,5,0.149,0.5021,0
U0064,1304.08,64817.23,9101.39,10,7,0.0201,0.1433,0
U0185,306.25,75991.98,1271.69,5,15,0.004,0.2408,0
U0245,614.02,33864.47,1943.49,25,18,0.0181,0.3159,0
U0197,1652.48,69722.59,1683.16,6,7,0.0237,0.9818,0
U0206,1442.93,9413.12,7186.21,13,9,0.1533,0.2008,0
U0062,927.83,61608.93,3431.03,7,0,0.0151,0.2704,0
U0135,830.35,51165.18,7561.81,7,4,0.0162,0.1098,0
U0213,3080.58,52734.36,4573.46,13,17,0.0584,0.6736,0
U0084,987.59,89174.57,8952.92,9,2,0.0111,0.1103,0
U0032,330.27,43215.06,8998.68,11,17,0.0076,0.0367,0
U0185,958.73,85170.26,9760.96,16,10,0.0113,0.0982,0
U0115,2336.32,81741.39,10744.98,11,3,0.0286,0.2174,0
U0178,3058.27,68178.42,4606.05,6,11,0.0449,0.664,0
U0037,470.77,45704.27,6866.08,9,9,0.0103,0.0686,0
U0175,662.01,24068.81,3144.61,13,17,0.0275,0.2105,0
U0092,1680.88,40994.04,2223.68,9,11,0.041,0.7559,0
U0068,752.53,79362.83,5046.99,8,3,0.0095,0.1491,0
U0245,3039.48,9144.35,6112.16,9,13,0.3324,0.4973,0
U0204,1277.24,84476.83,3773.74,11,0,0.0151,0.3385,0
U0096,470.75,69533.69,9129.21,10,14,0.0068,0.0516,0
U0002,393.01,89182.78,3891.99,6,19,0.0044,0.101,0
U0199,1275.4,42213.28,8906.74,12,1,0.0302,0.1432,0
U0043,629.26,29191.45,10581.72,11,15,0.0216,0.0595,0
U0178,1740.55,89279.65,6659.11,6,2,0.0195,0.2614,0
U0027,460.66,11232.31,8940.84,8,5,0.041,0.0515,0
U0105,1025.54,66721.91,8649.11,14,12,0.0154,0.1186,0
U0237,1978.6,16096.71,3669.44,9,14,0.1229,0.5392,0
U0103,2739.76,71630.77,6230.53,12,10,0.0382,0.4397,0
U0219,1111.9,55040.01,11309.1,11,8,0.0202,0.0983,0
U0147,775.74,69153.7,9401.7,15,12,0.0112,0.0825,0
U0018,1305.61,62393.56,4831.19,13,4,0.0209,0.2702,0
U0047,2530.24,44288.23,7321.97,10,15,0.0571,0.3456,0
U0135,1082.7,65176.02,11531.3,11,1,0.0166,0.0939,0
U0013,3458.37,55829.75,10707.36,4,8,0.0619,0.323,0
U0198,992.01,28814.8,4617.71,11,2,0.0344,0.2148,0
U0178,419.7,42475.43,11209.04,12,7,0.0099,0.0374,0
U0183,2597.91,70553.15,6735.05,11,10,0.0368,0.3857,0
U0202,3670.62,32550.79,7863.38,18,19,0.1128,0.4668,0
U0094,1314.57,43964.18,9819.44,10,9,0.0299,0.1339,0
U0175,2874.49,22979.59,11463.17,8,16,0.1251,0.2508,0
U0181,1315.51,18722.65,6190.81,12,8,0.0703,0.2125,0
U0062,2148.6,40560.77,7418.94,8,5,0.053,0.2896,0
U0162,877.16,86166.16,1743.88,9,15,0.0102,0.503,0
U0145,986.94,53154.04,8627.36,4,20,0.0186,0.1144,0
U0244,1251.03,60714.79,6480.61,13,4,0.0206,0.193,0
U0171,1289.99,31862.87,7119.83,11,8,0.0405,0.1812,0
U0229,160539.27,21052.37,337.05,10,13,7.6257,476.3092,1
U0200,1043.08,8043.28,10498.35,13,0,0.1297,0.0994,0
U0239,653.7,35713.78,3090.74,14,10,0.0183,0.2115,0
U0095,504.16,8965.29,10527.7,11,20,0.0562,0.0479,0
U0132,2196.72,13720.81,3632.75,13,17,0.1601,0.6047,0
U0139,3025.95,24288.91,11981.73,13,5,0.1246,0.2525,0
U0203,798.21,10577.27,5699.53,16,6,0.0755,0.14,0
U0081,2029.12,41232.87,6086.44,6,2,0.0492,0.3334,0
U0082,806.27,28675.44,1029.24,10,1,0.0281,0.7834,0
U0154,681.67,62564.71,7762.46,14,5,0.0109,0.0878,0
U0075,2045.15,35020.17,7620.64,8,13,0.0584,0.2684,0
U0140,743.14,50687.98,2019.91,12,13,0.0147,0.3679,0
U0166,1065.14,26923.16,3957.81,6,14,0.0396,0.2691,0
U0118,1507.6,70819.0,9751.52,12,0,0.0213,0.1546,0
U0128,766.55,34237.74,6239.47,10,12,0.0224,0.1229,0
U0013,1391.67,72790.95,9495.83,12,5,0.0191,0.1466,0
U0106,2194.6,20756.71,6180.46,16,6,0.1057,0.3551,0
U0079,861.67,85232.9,2290.04,9,15,0.0101,0.3763,0
U0089,98374.73,83538.2,3214.38,11,16,1.1776,30.6046,1
U0113,142066.4,23237.57,14178.75,5,11,6.1137,10.0197,1
U0164,1699.08,87983.61,4673.85,9,0,0.0193,0.3635,0
U0202,95796.4,95096.27,13477.27,7,42,1.0074,7.108,1
U0007,657.11,47633.78,2194.3,8,20,0.0138,0.2995,0
U0056,787.47,16452.46,10018.88,13,20,0.0479,0.0786,0
U0135,1201.99,74665.86,11253.3,11,9,0.0161,0.1068,0
U0193,778.61,64145.15,1620.41,9,15,0.0121,0.4805,0
U0142,947.61,63622.78,11210.3,7,7,0.0149,0.0845,0
U0226,1014.55,21236.98,1286.4,15,16,0.0478,0.7887,0
U0140,1387.95,57302.25,4631.04,7,17,0.0242,0.2997,0
U0033,669.32,33585.35,5385.44,3,13,0.0199,0.1243,0
U0184,1918.28,19746.97,5412.61,12,12,0.0971,0.3544,0
U0148,842.25,66690.12,11856.2,10,15,0.0126,0.071,0
U0223,417.12,73182.06,11917.83,10,0,0.0057,0.035,0
U0209,569.17,89830.5,8426.73,12,19,0.0063,0.0675,0
U0045,828.39,34430.51,2221.47,10,20,0.0241,0.3729,0
U0115,1192.76,50994.28,1484.73,13,10,0.0234,0.8033,0
U0065,1203.48,81044.99,7260.88,10,8,0.0148,0.1657,0
U0097,730.08,20329.17,5354.32,23,10,0.0359,0.1364,0
U0233,2030.66,22202.91,5433.76,7,9,0.0915,0.3737,0
U0072,940.81,61390.5,3295.79,5,14,0.0153,0.2855,0
U0119,940.36,31593.02,7271.33,10,4,0.0298,0.1293,0
U0165,1011.01,24092.4,529.09,7,7,0.042,1.9109,0
U0093,1702.84,58968.78,7301.05,9,20,0.0289,0.2332,0
U0083,2831.06,20589.52,9806.83,16,2,0.1375,0.2887,0
U0183,2788.51,77976.78,8360.33,9,2,0.0358,0.3335,0
U0185,845.92,77489.1,1001.99,10,15,0.0109,0.8442,0
U0121,1635.9,57774.0,9735.67,6,4,0.0283,0.168,0
U0022,860.96,83340.78,5397.81,14,20,0.0103,0.1595,0
U0161,978.5,78428.04,7016.51,13,2,0.0125,0.1395,0
U0104,3697.64,62986.81,7088.43,15,2,0.0587,0.5216,0
U0043,578.2,20504.2,8892.6,13,17,0.0282,0.065,0
U0018,1720.9,72554.93,2221.17,15,8,0.0237,0.7748,0
U0111,844.24,56028.4,5138.57,8,6,0.0151,0.1643,0
U0010,1484.9,29004.34,6846.3,15,6,0.0512,0.2169,0
U0029,940.55,27220.38,10987.52,8,4,0.0346,0.0856,0
U0202,1619.57,44890.37,9395.18,13,2,0.0361,0.1724,0
U0100,1902.65,70792.4,3170.43,17,18,0.0269,0.6001,0
U0034,1383.24,49022.51,3704.13,8,13,0.0282,0.3734,0
U0186,783.81,73745.18,1268.81,10,4,0.0106,0.6178,0
U0050,6582.66,39366.71,4200.2,14,20,0.1672,1.5672,0
U0140,3525.19,9500.22,6787.65,10,0,0.3711,0.5194,0
U0043,729.97,53694.82,7496.99,7,4,0.0136,0.0974,0
U0020,1829.46,51283.66,8391.64,8,7,0.0357,0.218,0
U0069,1937.23,76840.45,7723.91,12,15,0.0252,0.2508,0
U0029,1521.75,23636.9,7679.1,10,11,0.0644,0.1982,0
U0092,1308.49,58286.11,10760.65,16,7,0.0224,0.1216,0
U0053,1406.6,39097.95,6753.01,10,0,0.036,0.2083,0
U0054,4034.72,87093.84,9180.67,13,16,0.0463,0.4395,0
U0005,1152.71,12741.42,9072.44,10,20,0.0905,0.1271,0
U0082,516.94,83787.62,10890.21,13,0,0.0062,0.0475,0
U0232,3201.1,20623.85,2716.67,6,15,0.1552,1.1783,0
U0016,203791.16,92493.6,1783.57,12,40,2.2033,114.2602,1
U0127,1198.02,83054.17,1671.0,8,1,0.0144,0.7169,0
U0076,1021.57,56562.97,8035.72,13,18,0.0181,0.1271,0
U0238,991.69,19224.16,7125.6,8,18,0.0516,0.1392,0
U0227,230116.99,9657.77,12108.03,10,26,23.8271,19.0053,1
U0197,2015.99,30951.32,9633.69,13,4,0.0651,0.2093,0
U0104,1748.83,56450.41,11444.95,12,8,0.031,0.1528,0
U0061,1134.56,70171.3,1943.3,16,10,0.0162,0.5838,0
U0146,1046.38,54921.51,3318.55,11,2,0.0191,0.3153,0
U0118,1071.98,69635.52,4097.32,12,6,0.0154,0.2616,0
U0050,1029.93,44543.28,1392.08,8,9,0.0231,0.7399,0
U0008,748.25,66746.01,7511.74,8,11,0.0112,0.0996,0
U0126,789.84,75949.45,6358.57,9,12,0.0104,0.1242,0
U0172,886.45,72827.34,8518.27,13,11,0.0122,0.1041,0
U0203,2885.8,48659.94,1740.12,10,4,0.0593,1.6584,0
U0056,2290.64,47165.74,6489.96,10,9,0.0486,0.353,0
U0094,1411.04,62112.14,2681.81,5,8,0.0227,0.5262,0
U0081,1364.06,70973.04,5486.28,8,1,0.0192,0.2486,0
U0133,2583.58,25673.24,5037.3,15,3,0.1006,0.5129,0
U0239,181508.11,30809.07,1825.48,8,23,5.8914,99.4303,1
U0194,1193.32,22916.97,7222.85,4,2,0.0521,0.1652,0
U0021,1398.94,58118.71,11848.49,11,18,0.0241,0.1181,0
U0018,621.89,12626.49,11719.76,9,6,0.0493,0.0531,0
U0227,721.26,22896.45,11570.03,15,18,0.0315,0.0623,0
U0187,910.65,88730.21,1738.27,9,1,0.0103,0.5239,0
U0174,1423.33,66145.38,4586.07,8,13,0.0215,0.3104,0
U0170,3827.03,71406.04,11838.31,6,16,0.0536,0.3233,0
U0144,1245.25,79469.07,784.21,6,20,0.0157,1.5879,0
U0050,1991.73,83370.08,4722.94,18,16,0.0239,0.4217,0
U0037,897.78,40759.74,9141.47,10,5,0.022,0.0982,0
U0206,987.65,39132.12,1992.22,7,15,0.0252,0.4958,0
U0217,149990.39,37378.64,5547.41,6,9,4.0127,27.0379,1
U0178,1347.24,41838.78,2789.29,16,8,0.0322,0.483,0
U0139,979.19,82946.81,6433.89,11,0,0.0118,0.1522,0
U0177,711.68,17892.83,6488.74,12,5,0.0398,0.1097,0
U0242,206423.35,33876.73,5539.62,10,39,6.0934,37.2631,1
U0162,2654.53,33512.17,10666.88,9,5,0.0792,0.2489,0
U0245,6805.11,18562.03,10113.97,9,20,0.3666,0.6728,0
U0194,2232.53,61299.98,8195.99,6,1,0.0364,0.2724,0
U0147,1037.47,77417.15,617.78,8,15,0.0134,1.6794,0
U0151,860.78,60148.86,8219.04,13,3,0.0143,0.1047,0
U0114,1801.92,64330.92,11104.47,9,2,0.028,0.1623,0
U0104,2121.75,51455.54,3124.44,7,2,0.0412,0.6791,0
U0203,668.92,76424.94,3605.8,14,1,0.0088,0.1855,0
U0170,588.16,41396.78,9097.44,12,20,0.0142,0.0647,0
U0214,2669.49,12081.19,2119.95,9,15,0.221,1.2592,0
U0209,1722.52,29718.61,2437.63,5,17,0.058,0.7066,0
U0139,2534.71,14211.2,6459.95,5,18,0.1784,0.3924,0
U0040,1893.95,89656.93,2999.13,9,5,0.0211,0.6315,0
U0237,484.51,17996.43,7739.83,8,11,0.0269,0.0626,0
U0110,2798.88,66824.79,2110.51,11,15,0.0419,1.3262,0
U0100,3406.64,53335.6,2951.59,12,17,0.0639,1.1542,0
U0225,6667.97,64368.29,4155.94,10,4,0.1036,1.6044,0
U0147,1031.28,8441.49,4138.93,8,14,0.1222,0.2492,0
U0039,1543.98,60900.86,1538.76,17,0,0.0254,1.0034,0
U0175,903.51,46637.12,2415.04,4,16,0.0194,0.3741,0
U0152,1969.41,13419.48,2714.95,15,2,0.1468,0.7254,0
U0131,483.94,75060.62,10619.06,12,4,0.0064,0.0456,0
U0190,3027.83,22377.8,3751.18,7,8,0.1353,0.8072,0
U0189,143595.53,38311.18,7805.89,6,12,3.7481,18.3958,1
U0085,1601.0,46466.82,7086.79,10,5,0.0345,0.2259,0
U0244,860.1,51930.42,3369.77,13,16,0.0166,0.2552,0
U0014,862.73,14783.01,5121.74,13,20,0.0584,0.1684,0
U0244,2907.22,55204.53,11656.61,8,20,0.0527,0.2494,0
U0081,1394.24,20221.63,7103.68,8,3,0.0689,0.1963,0
U0047,615.87,75777.73,2202.73,15,19,0.0081,0.2796,0
U0238,1078.81,74366.06,3037.77,9,6,0.0145,0.3551,0
U0127,630.24,72964.36,6491.04,11,13,0.0086,0.0971,0
U0127,1100.69,83839.45,8824.27,8,12,0.0131,0.1247,0
U0207,1280.4,77320.0,7845.79,12,13,0.0166,0.1632,0
U0106,2337.51,11239.59,1999.73,11,0,0.208,1.1689,0
U0143,709.91,16552.89,9101.17,8,12,0.0429,0.078,0
U0062,1353.84,18659.73,3307.62,7,19,0.0726,0.4093,0
U0088,888.7,50590.0,8080.21,14,15,0.0176,0.11,0
U0003,3282.02,87301.13,2236.5,3,13,0.0376,1.4675,0
U0105,567.3,22954.05,3135.1,9,0,0.0247,0.181,0
U0016,98026.49,63952.87,8751.24,9,0,1.5328,11.2014,1
U0020,219107.38,30486.6,10709.3,3,40,7.187,20.4595,1
U0027,2016.54,70458.31,6571.81,10,12,0.0286,0.3068,0
U0047,1014.21,40044.73,3486.59,10,11,0.0253,0.2909,0
U0084,580.05,78511.78,3198.91,14,15,0.0074,0.1813,0
U0209,1241.6,54295.18,1467.52,9,12,0.0229,0.8461,0
U0110,1527.74,35969.88,3670.61,6,11,0.0425,0.4162,0
U0056,5828.38,39677.75,5383.36,12,4,0.1469,1.0827,0
U0145,48251.42,14649.85,8557.17,8,23,3.2936,5.6387,1
U0055,1545.08,48058.62,9931.69,6,19,0.0322,0.1556,0
U0058,25530.38,84379.4,8780.59,11,40,0.3026,2.9076,1
U0203,832.79,53221.12,503.58,9,17,0.0156,1.6538,0
U0107,61265.41,64449.95,7934.87,6,37,0.9506,7.721,1
U0239,1348.43,16238.17,10407.54,9,5,0.083,0.1296,0
U0053,2345.75,76782.11,10147.71,11,15,0.0306,0.2312,0
U0014,739.34,47171.52,2546.11,18,11,0.0157,0.2904,0
U0118,1065.76,18818.87,5860.03,13,10,0.0566,0.1819,0
U0035,3178.79,59114.27,8741.37,6,12,0.0538,0.3636,0
U0123,125631.48,41975.28,12515.01,10,14,2.993,10.0385,1
U0202,1073.92,11905.84,7036.48,16,10,0.0902,0.1526,0
U0192,1159.92,73782.36,973.24,12,15,0.0157,1.1918,0
U0170,1489.79,78906.13,1227.86,11,11,0.0189,1.2133,0
U0002,2170.47,30647.93,3114.74,7,16,0.0708,0.6968,0
U0186,149826.56,94661.17,9371.77,7,39,1.5828,15.987,1
U0053,1190.45,65708.72,9967.51,8,9,0.0181,0.1194,0
U0021,992.59,37259.8,8074.5,4,19,0.0266,0.1229,0
U0110,1045.66,38012.59,5777.54,8,15,0.0275,0.181,0
U0150,708.02,87973.76,4715.72,9,17,0.008,0.1501,0
U0062,1029.11,64517.74,10038.92,5,2,0.016,0.1025,0
U0224,721.55,31995.57,3719.79,7,14,0.0226,0.194,0
U0148,2060.35,41091.89,4690.74,6,19,0.0501,0.4392,0
U0050,85933.78,93228.43,10800.42,9,0,0.9218,7.9565,1
U0117,1375.14,67162.12,4558.19,8,16,0.0205,0.3017,0
U0036,1508.14,26149.1,6155.54,9,17,0.0577,0.245,0
U0017,905.66,32313.66,4452.63,10,4,0.028,0.2034,0
U0224,597.32,44592.13,1968.44,5,4,0.0134,0.3034,0
U0101,1146.57,89238.94,1292.25,12,9,0.0128,0.8873,0
U0119,2634.34,69718.59,10473.64,5,3,0.0378,0.2515,0
U0221,1167.47,17539.53,6835.2,12,0,0.0666,0.1708,0
U0171,904.81,87119.24,2605.3,5,5,0.0104,0.3473,0
U0189,1458.26,39967.09,9286.09,7,2,0.0365,0.157,0
U0213,1942.43,86260.58,4711.26,5,15,0.0225,0.4123,0
U0163,1505.28,72413.07,5293.81,8,17,0.0208,0.2843,0
U0165,2739.23,21590.71,6925.69,8,7,0.1269,0.3955,0
U0027,901.67,40787.92,11836.47,8,5,0.0221,0.0762,0
U0180,363.58,42670.04,7537.93,8,3,0.0085,0.0482,0
U0070,1445.23,37344.02,5163.82,8,3,0.0387,0.2799,0
U0180,1533.18,29602.21,8816.56,14,2,0.0518,0.1739,0
U0061,718.52,34609.65,5215.94,10,19,0.0208,0.1378,0
U0033,29624.77,47227.04,6663.06,7,12,0.6273,4.4461,1
U0133,834.77,76958.22,4266.88,8,15,0.0108,0.1956,0
U0042,930.16,49645.43,4139.72,13,19,0.0187,0.2247,0
U0029,2502.84,56325.45,9018.65,11,19,0.0444,0.2775,0
U0228,1123.41,10834.02,4673.13,15,13,0.1037,0.2404,0
U0053,652.68,69409.44,4101.34,16,9,0.0094,0.1591,0
U0141,777.11,15757.08,1753.88,6,1,0.0493,0.4431,0
U0019,401.8,14366.57,929.48,6,11,0.028,0.4323,0
U0143,1115.69,87487.36,11185.24,9,8,0.0128,0.0997,0
U0112,116838.65,67129.81,3498.83,7,27,1.7405,33.3936,1
U0032,2204.16,19113.83,1904.09,9,14,0.1153,1.1576,0
U0222,1054.69,24687.68,6491.02,10,7,0.0427,0.1625,0
U0111,2623.8,45444.87,11555.34,11,12,0.0577,0.2271,0
U0103,2317.57,72564.99,10567.47,11,2,0.0319,0.2193,0
U0070,740.31,72547.11,7707.98,15,16,0.0102,0.096,0
U0203,1017.69,61009.49,2485.76,9,10,0.0167,0.4094,0
U0213,3316.89,26238.61,3220.39,11,6,0.1264,1.03,0
U0093,2371.62,81639.73,1511.23,13,12,0.029,1.5693,0
U0141,1692.01,30187.62,7831.99,17,15,0.056,0.216,0
U0063,1677.92,64342.99,708.14,13,16,0.0261,2.3695,0
U0179,2560.05,84639.53,3592.68,11,11,0.0302,0.7126,0
U0012,1449.83,38631.14,4343.18,12,10,0.0375,0.3338,0
U0222,2633.69,75094.7,10311.83,11,14,0.0351,0.2554,0
U0013,4093.16,74093.68,1294.86,11,2,0.0552,3.1611,0
U0023,1058.42,9389.04,5742.97,4,9,0.1127,0.1843,0
U0148,351.87,54409.44,7079.03,12,10,0.0065,0.0497,0
U0191,905.25,39593.01,3688.44,9,8,0.0229,0.2454,0
U0214,2771.92,53731.88,7163.13,9,6,0.0516,0.387,0
U0244,54654.87,75791.41,4212.87,16,36,0.7211,12.9733,1
U0147,706.55,29335.96,1700.66,15,8,0.0241,0.4155,0
U0039,883.8,85276.66,4464.32,5,13,0.0104,0.198,0
U0231,247745.16,67362.39,1084.48,13,10,3.6778,228.4462,1
U0228,106894.75,48899.84,14570.41,14,40,2.186,7.3364,1
U0109,1572.36,31520.21,3620.12,11,17,0.0499,0.4343,0
U0227,668.19,32048.15,1559.42,7,18,0.0208,0.4285,0
U0083,937.6,22401.07,10328.86,12,11,0.0419,0.0908,0
U0018,700.43,73992.97,6094.19,6,10,0.0095,0.1149,0
U0204,1464.4,41730.98,2127.6,5,10,0.0351,0.6883,0
U0098,763.97,14234.3,8839.33,12,9,0.0537,0.0864,0
U0155,1341.61,30543.97,957.63,8,8,0.0439,1.401,0
U0212,2507.97,55739.43,11677.54,9,4,0.045,0.2148,0
U0176,954.04,19123.26,3382.85,7,7,0.0499,0.282,0
U0234,1237.46,53589.68,2079.21,9,2,0.0231,0.5952,0
U0196,1007.43,58919.86,4670.28,10,4,0.0171,0.2157,0
U0223,241255.9,65461.81,10514.7,14,8,3.6854,22.9446,1
U0018,1667.93,31728.15,4461.23,7,8,0.0526,0.3739,0
U0195,1416.78,17285.3,8389.81,10,16,0.082,0.1689,0
U0112,324.71,31856.23,4274.56,10,16,0.0102,0.076,0
U0160,1854.76,12132.35,2781.9,7,12,0.1529,0.6667,0
U0185,1004.36,58264.88,9382.09,16,11,0.0172,0.1071,0
U0184,132527.8,52568.48,9791.73,12,6,2.5211,13.5347,1
U0132,955.11,34705.99,2623.29,10,16,0.0275,0.3641,0
U0054,1806.04,27406.04,11953.6,7,11,0.0659,0.1511,0
U0152,3800.05,11280.56,6206.5,14,15,0.3369,0.6123,0
U0113,1430.83,83417.24,10979.1,10,17,0.0172,0.1303,0
U0104,564.51,73385.5,9118.45,5,11,0.0077,0.0619,0
U0063,1745.6,9327.92,8021.72,13,7,0.1871,0.2176,0
U0217,1158.37,75736.99,11379.59,8,14,0.0153,0.1018,0
U0020,410.95,59002.33,4390.15,9,17,0.007,0.0936,0
U0109,308.85,10460.09,8041.69,16,20,0.0295,0.0384,0
U0127,1851.21,62746.71,7404.12,14,17,0.0295,0.25,0
U0101,548.14,18115.75,11976.09,10,7,0.0303,0.0458,0
U0185,1812.15,82620.0,6932.91,11,19,0.0219,0.2614,0
U0128,2072.12,60558.39,4862.76,8,0,0.0342,0.4261,0
U0086,598.15,71995.54,5284.88,8,8,0.0083,0.1132,0
U0193,790.97,70463.69,1634.11,10,0,0.0112,0.484,0
U0195,4434.33,56426.85,11475.82,8,10,0.0786,0.3864,0
U0113,167924.83,97782.39,2795.52,11,21,1.7173,60.0692,1
U0144,1020.05,33828.67,10041.48,9,2,0.0302,0.1016,0
U0051,1623.06,31922.83,938.58,6,1,0.0508,1.7293,0
U0046,486.27,17202.21,9974.02,10,6,0.0283,0.0488,0
U0161,724.45,17519.38,10981.67,14,2,0.0414,0.066,0
U0028,1732.71,83492.97,725.46,7,7,0.0208,2.3884,0
U0192,2609.58,9613.98,4756.06,11,0,0.2714,0.5487,0
U0044,982.37,21780.05,7081.7,9,18,0.0451,0.1387,0
U0061,1763.53,48593.58,4496.84,10,12,0.0363,0.3922,0
U0118,823.51,59111.71,7038.88,10,6,0.0139,0.117,0
U0123,1051.7,73610.29,9743.88,4,10,0.0143,0.1079,0
U0065,1610.12,28965.98,11443.62,12,2,0.0556,0.1407,0
U0217,644.63,28608.14,3617.87,10,1,0.0225,0.1782,0
U0114,662.51,33440.5,10337.41,13,12,0.0198,0.0641,0
U0183,603.89,22090.75,1278.5,10,12,0.0273,0.4723,0
U0126,1097.33,59336.77,9811.93,9,8,0.0185,0.1118,0
U0097,509.83,11338.3,2096.61,8,12,0.045,0.2432,0
U0220,4601.65,34696.95,6590.18,9,15,0.1326,0.6983,0
U0209,2343.52,67660.65,8138.2,13,3,0.0346,0.288,0
U0103,2284.13,14419.86,6228.51,13,20,0.1584,0.3667,0
U0063,1074.26,54718.81,1836.31,10,13,0.0196,0.585,0
U0086,45781.78,16276.52,2162.94,11,18,2.8127,21.1665,1
U0194,655.42,22700.86,7612.5,11,6,0.0289,0.0861,0
U0246,2069.59,20204.22,4515.66,7,18,0.1024,0.4583,0
U0221,1300.17,51721.4,2329.09,11,11,0.0251,0.5582,0
U0195,1331.48,66463.84,9873.33,10,5,0.02,0.1349,0
U0058,454.41,32430.16,5049.55,7,1,0.014,0.09,0
U0093,626.7,40233.88,4368.65,10,19,0.0156,0.1435,0
U0239,3926.08,35970.06,7801.28,12,19,0.1091,0.5033,0
U0003,738.9,29129.52,6316.06,9,9,0.0254,0.117,0
U0137,1033.58,39861.53,10128.68,6,9,0.0259,0.102,0
U0034,2072.49,76041.11,5009.97,8,8,0.0273,0.4137,0
U0139,744.4,39096.57,6103.08,14,0,0.019,0.122,0
U0026,124446.94,27264.15,6252.65,6,5,4.5645,19.9031,1
U0183,1546.24,36421.47,3693.34,16,8,0.0425,0.4187,0
U0147,2089.36,81959.57,9714.64,14,4,0.0255,0.2151,0
U0183,54296.7,81096.94,13175.57,10,3,0.6695,4.121,1
U0138,1632.14,57295.07,7740.62,16,7,0.0285,0.2109,0
U0179,354.53,52877.38,5197.29,5,17,0.0067,0.0682,0
U0128,416.59,14434.0,8345.66,11,3,0.0289,0.0499,0
U0115,990.0,21528.1,3249.55,7,18,0.046,0.3047,0
U0243,2194.21,35812.05,6353.66,12,0,0.0613,0.3453,0
U0193,1375.7,35025.57,1470.15,11,18,0.0393,0.9358,0
U0165,1123.41,89996.47,8448.86,14,4,0.0125,0.133,0
U0119,100502.26,59336.06,6275.5,8,2,1.6938,16.015,1
U0149,639.23,65244.86,8015.0,4,20,0.0098,0.0798,0
U0126,1490.38,71354.98,6057.99,15,12,0.0209,0.246,0
U0089,1287.75,61814.14,11949.09,6,18,0.0208,0.1078,0
U0024,1176.87,54871.58,9990.11,10,19,0.0214,0.1178,0
U0082,642.67,47201.9,7502.22,12,15,0.0136,0.0857,0
U0196,952.65,27052.88,5325.0,8,5,0.0352,0.1789,0
U0187,727.23,48968.13,2321.15,17,14,0.0149,0.3133,0
U0211,1048.94,10667.44,6900.31,7,3,0.0983,0.152,0
U0038,130787.37,45793.25,4665.33,7,28,2.856,28.0339,1
U0065,1194.7,37905.78,3706.57,7,8,0.0315,0.3223,0
U0074,624.83,53463.88,3976.37,2,19,0.0117,0.1571,0
U0044,1182.27,35347.97,7718.5,10,16,0.0334,0.1532,0
U0006,1390.4,81846.54,8201.91,6,20,0.017,0.1695,0
U0240,1194.95,67981.5,2378.33,6,2,0.0176,0.5024,0
U0086,1029.88,26803.34,6809.95,8,3,0.0384,0.1512,0
U0119,852.87,12634.89,11602.35,8,3,0.0675,0.0735,0
U0128,230480.83,52734.91,14435.6,9,9,4.3706,15.9661,1
U0107,243815.28,30021.57,6881.82,6,40,8.1213,35.4289,1
U0044,884.13,10145.79,10389.41,9,8,0.0871,0.0851,0
U0205,604.94,19677.74,2230.32,10,3,0.0307,0.2712,0
U0030,217279.46,46992.46,11895.04,6,27,4.6237,18.2664,1
U0086,115021.69,53207.77,13907.99,11,2,2.1617,8.2702,1
U0178,1055.01,9260.35,2415.01,8,14,0.1139,0.4369,0
U0122,48295.59,64856.91,13295.06,5,35,0.7446,3.6326,1
U0235,1312.18,59478.98,7202.67,9,2,0.0221,0.1822,0
U0126,1539.5,21223.17,8349.33,9,16,0.0725,0.1844,0
U0002,885.98,26023.86,1845.69,8,6,0.034,0.48,0
U0036,1971.17,73945.75,5253.45,8,3,0.0267,0.3752,0
U0194,1980.9,23606.16,9446.66,16,12,0.0839,0.2097,0
U0033,1089.25,53450.94,9954.06,15,4,0.0204,0.1094,0
U0231,1096.92,73763.7,10471.61,10,7,0.0149,0.1048,0
U0105,147961.47,77762.78,3115.7,5,41,1.9027,47.489,1
U0132,1954.03,38943.05,7768.49,5,16,0.0502,0.2515,0
U0023,2299.53,18382.6,7224.91,9,16,0.1251,0.3183,0
U0192,1749.75,59506.42,3462.31,11,3,0.0294,0.5054,0
U0231,2397.78,24853.55,5658.68,10,19,0.0965,0.4237,0
U0087,391.4,54057.53,603.25,8,0,0.0072,0.6488,0
U0238,1907.79,67393.78,4771.79,5,0,0.0283,0.3998,0
U0246,1505.75,61584.5,6999.15,5,8,0.0245,0.2151,0
U0007,1006.26,79919.81,1308.15,6,14,0.0126,0.7692,0
U0070,1413.21,34169.38,2937.0,9,19,0.0414,0.4812,0
U0028,1557.1,78533.48,11796.06,5,1,0.0198,0.132,0
U0112,1406.17,63895.91,3868.0,1,17,0.022,0.3635,0
U0091,1001.96,52208.65,5189.14,10,15,0.0192,0.1931,0
U0025,728.22,77784.22,7094.77,5,13,0.0094,0.1026,0
U0227,1466.29,42255.35,7906.35,15,12,0.0347,0.1855,0
U0181,109668.49,59324.29,14056.82,9,43,1.8486,7.8018,1
U0055,682.86,46439.27,2131.64,12,13,0.0147,0.3203,0
U0184,1674.01,42596.73,3845.59,5,16,0.0393,0.4353,0
U0232,3343.06,55387.97,6570.62,11,12,0.0604,0.5088,0
U0194,1414.48,31370.34,2085.17,8,2,0.0451,0.6784,0
U0214,45502.52,30742.94,6128.92,9,4,1.4801,7.4242,1
U0190,1826.42,14676.61,7788.64,7,8,0.1244,0.2345,0
U0248,1456.37,24714.18,938.14,7,4,0.0589,1.5524,0
U0149,1930.37,87091.82,9981.19,8,15,0.0222,0.1934,0
U0073,1363.4,69413.45,1019.29,5,16,0.0196,1.3376,0
U0063,843.83,24321.55,846.05,8,3,0.0347,0.9974,0
U0198,2133.88,65015.46,6830.33,11,20,0.0328,0.3124,0
U0194,1287.87,63503.56,8553.65,11,20,0.0203,0.1506,0
U0087,1177.27,21332.78,7525.78,13,2,0.0552,0.1564,0
U0046,1964.35,18325.02,11587.22,15,17,0.1072,0.1695,0
U0060,76350.43,84400.2,11543.6,9,35,0.9046,6.6141,1
U0130,1066.49,66270.86,1279.73,9,12,0.0161,0.8334,0
U0230,1918.81,60994.17,2151.62,12,0,0.0315,0.8918,0
U0007,44580.19,46775.1,7494.34,9,11,0.9531,5.9485,1
U0173,1209.55,70030.53,3923.27,11,2,0.0173,0.3083,0
U0007,1009.74,10333.98,2220.7,10,20,0.0977,0.4547,0
U0207,624.6,70404.74,1047.22,9,3,0.0089,0.5964,0
U0028,1369.46,70438.2,6027.07,4,8,0.0194,0.2272,0
U0164,907.6,71462.35,5638.87,10,8,0.0127,0.161,0
U0205,2734.27,79187.9,11110.86,10,12,0.0345,0.2461,0
U0219,751.72,24643.73,6523.74,12,6,0.0305,0.1152,0
U0236,1007.01,45762.81,7819.56,14,19,0.022,0.1288,0
U0142,1633.24,50741.86,6098.11,9,10,0.0322,0.2678,0
U0119,2457.71,22964.89,9503.11,7,1,0.107,0.2586,0
U0241,169549.37,27458.07,5255.06,11,3,6.1748,32.264,1
U0119,1033.81,59036.67,2830.54,9,12,0.0175,0.3652,0
U0020,1082.94,70543.81,3120.97,11,9,0.0154,0.347,0
U0152,35157.59,11932.07,2879.19,11,2,2.9465,12.2109,1
U0237,4122.79,36866.58,1698.31,12,13,0.1118,2.4276,0
U0022,943.0,84606.59,5939.83,8,14,0.0111,0.1588,0
U0154,4149.78,33752.64,6810.59,8,18,0.1229,0.6093,0
U0034,1984.84,11455.25,1127.74,5,17,0.1733,1.76,0
U0217,3019.01,33688.89,8899.85,10,7,0.0896,0.3392,0
U0063,4022.12,22910.51,8699.09,11,10,0.1756,0.4624,0
U0147,1994.02,12839.36,6736.75,11,12,0.1553,0.296,0
U0104,554.89,68764.71,8632.62,13,3,0.0081,0.0643,0
U0071,552.62,42061.44,1459.77,10,2,0.0131,0.3786,0
U0026,128524.16,90810.53,4544.36,7,14,1.4153,28.2822,1
U0048,2879.76,13302.42,7608.55,10,10,0.2165,0.3785,0
U0143,1170.46,85959.39,9891.9,7,15,0.0136,0.1183,0
U0167,1338.93,86553.67,8872.35,11,3,0.0155,0.1509,0
U0024,1390.62,23178.47,5862.29,10,8,0.06,0.2372,0
U0223,850.16,9319.77,8735.01,9,20,0.0912,0.0973,0
U0148,1044.26,9655.63,1596.86,8,16,0.1082,0.6539,0
U0115,1297.52,67416.44,4597.75,7,17,0.0192,0.2822,0
U0106,72557.37,48829.28,2610.3,7,16,1.4859,27.7966,1
U0201,1020.46,42388.44,4499.68,6,10,0.0241,0.2268,0
U0210,1307.92,71762.15,6519.05,9,17,0.0182,0.2006,0
U0028,674.64,89608.14,11904.41,7,14,0.0075,0.0567,0
U0061,1003.41,88554.24,11532.87,9,8,0.0113,0.087,0
U0153,593.78,15357.01,1034.76,9,3,0.0387,0.5738,0
U0220,1387.29,10685.15,7358.76,15,8,0.1298,0.1885,0
U0059,1533.54,46543.06,2716.73,10,0,0.0329,0.5645,0
U0001,240.65,87924.26,9983.8,13,0,0.0027,0.0241,0
U0164,534.34,88609.36,6173.89,12,19,0.006,0.0865,0
U0088,688.48,50180.9,2609.35,13,6,0.0137,0.2639,0
U0248,3256.1,25542.16,7267.28,8,3,0.1275,0.448,0
U0105,788.44,62620.06,4483.36,14,0,0.0126,0.1759,0
U0134,715.59,69472.97,11745.47,10,11,0.0103,0.0609,0
U0122,450.19,61225.84,11650.04,9,16,0.0074,0.0386,0
U0229,621.93,69627.01,10483.02,13,17,0.0089,0.0593,0
U0167,2242.46,61978.35,8224.51,6,3,0.0362,0.2727,0
U0050,2649.14,23547.28,1813.21,4,19,0.1125,1.461,0
U0130,2562.26,40580.36,9148.1,10,0,0.0631,0.2801,0
U0231,426.7,57159.6,1456.09,10,7,0.0075,0.293,0
U0150,2318.29,76731.74,10549.45,12,14,0.0302,0.2198,0
U0059,401.67,43483.94,5460.52,10,5,0.0092,0.0736,0
U0156,1694.48,87733.18,1576.19,11,5,0.0193,1.075,0
U0207,376.14,73400.23,6371.33,13,19,0.0051,0.059,0
U0201,2122.24,40863.44,8809.38,11,20,0.0519,0.2409,0
U0120,1218.44,51957.52,5429.92,12,1,0.0235,0.2244,0
U0037,1557.17,69121.4,1347.86,17,7,0.0225,1.1553,0
U0087,1516.36,70638.36,1980.47,10,10,0.0215,0.7657,0
U0076,78709.9,77493.53,1185.01,7,3,1.0157,66.4215,1
U0181,645.36,34567.1,2803.4,9,20,0.0187,0.2302,0
U0143,1881.63,43602.94,2790.01,10,12,0.0432,0.6744,0
U0102,473.4,48818.06,7311.65,13,19,0.0097,0.0647,0
U0024,593.79,89164.13,5389.51,10,15,0.0067,0.1102,0
U0114,1125.67,27476.52,6461.18,10,6,0.041,0.1742,0
U0137,3285.06,70945.02,6523.62,6,20,0.0463,0.5036,0
U0110,1094.59,25646.11,11990.31,9,6,0.0427,0.0913,0
U0195,505.22,8783.18,4517.63,6,10,0.0575,0.1118,0
U0024,2140.15,10313.52,5869.89,8,18,0.2075,0.3646,0
U0244,3400.61,32099.51,7400.65,9,10,0.1059,0.4595,0
U0020,740.56,29750.32,6315.98,15,0,0.0249,0.1173,0
U0057,884.2,21279.22,5704.56,10,5,0.0416,0.155,0
U0152,3106.12,17893.74,7053.68,9,7,0.1736,0.4404,0
U0105,173036.24,44634.93,907.86,11,36,3.8767,190.5983,1
U0158,1041.85,29774.09,1391.16,15,16,0.035,0.7489,0
U0062,1925.09,14709.12,4825.83,7,12,0.1309,0.3989,0
U0048,1175.38,40864.86,9504.25,6,7,0.0288,0.1237,0
U0164,726.28,85920.2,6860.34,16,18,0.0085,0.1059,0
U0095,1518.46,57075.74,3321.27,4,16,0.0266,0.4572,0
U0165,1253.36,72876.11,1321.74,11,14,0.0172,0.9483,0
U0008,19781.08,24102.75,13957.55,12,29,0.8207,1.4172,1
U0217,1868.19,22939.33,5010.46,8,2,0.0814,0.3729,0
U0192,835.33,89325.17,10614.7,8,0,0.0094,0.0787,0
U0197,754.24,88597.97,10704.31,15,16,0.0085,0.0705,0
U0105,666.54,33402.74,2525.48,5,8,0.02,0.2639,0
U0106,201543.56,34835.82,14193.43,11,42,5.7855,14.1998,1
U0134,509.14,58785.77,4726.72,7,3,0.0087,0.1077,0
U0247,1260.79,28035.61,6631.06,8,20,0.045,0.1901,0
U0080,1059.43,54982.44,6785.36,11,14,0.0193,0.1561,0
U0115,789.69,54661.08,5422.93,8,1,0.0144,0.1456,0
U0208,2233.35,29737.52,3821.25,7,3,0.0751,0.5845,0
U0196,142111.25,64675.63,3695.13,8,42,2.1973,38.459,1
U0014,1894.78,13646.72,2720.69,15,12,0.1388,0.6964,0
U0165,1144.91,83407.8,3536.64,10,6,0.0137,0.3237,0
U0120,1365.4,50566.19,4241.17,8,4,0.027,0.3219,0
U0071,597.43,48336.32,2211.02,10,19,0.0124,0.2702,0
U0065,79880.13,56901.36,5245.76,9,28,1.4038,15.2276,1
U0084,1871.53,27197.88,4180.05,13,4,0.0688,0.4477,0
U0013,1723.21,20422.09,2356.15,8,7,0.0844,0.7314,0
U0205,1891.21,33717.49,3361.93,10,12,0.0561,0.5625,0
U0111,3289.17,64287.77,5543.4,7,13,0.0512,0.5933,0
U0010,33454.98,64200.47,9205.78,6,16,0.5211,3.6341,1
U0030,1825.61,20406.09,5014.11,7,8,0.0895,0.3641,0
U0236,1129.21,30436.39,9018.98,8,12,0.0371,0.1252,0
U0161,1235.04,75479.31,1768.37,9,14,0.0164,0.6984,0
U0172,76777.35,68869.72,9925.33,7,19,1.1148,7.7355,1
U0136,146030.25,84355.32,6847.99,6,20,1.7311,21.3245,1
U0060,1637.6,15824.93,6742.42,5,15,0.1035,0.2429,0
U0207,885.53,40986.83,1755.61,15,16,0.0216,0.5044,0
U0247,1992.09,57421.49,5328.39,11,5,0.0347,0.3739,0
U0099,1117.45,18675.88,5388.5,7,14,0.0598,0.2074,0
U0112,686.3,23522.89,9606.42,9,3,0.0292,0.0714,0
U0178,1908.06,13168.37,11039.01,9,2,0.1449,0.1728,0
U0097,1982.91,37081.36,8638.69,17,9,0.0535,0.2295,0
U0080,1170.69,68540.8,6601.8,9,13,0.0171,0.1773,0
U0051,1206.5,51680.86,1601.72,12,8,0.0233,0.7533,0
U0065,732.6,38641.57,1526.85,9,10,0.019,0.4798,0
U0077,769.94,70790.71,8182.94,9,10,0.0109,0.0941,0
U0227,1006.15,14299.48,7670.59,4,9,0.0704,0.1312,0
U0011,500.9,58779.25,7844.37,13,1,0.0085,0.0639,0
U0041,764.15,82994.93,4288.86,9,16,0.0092,0.1782,0
U0141,1354.45,13094.76,8686.44,12,16,0.1034,0.1559,0
U0156,4310.06,11900.46,1126.47,7,16,0.3622,3.8262,0
U0028,956.17,47147.22,6547.36,8,15,0.0203,0.146,0
U0249,2384.08,11516.82,6329.58,11,11,0.207,0.3767,0
U0172,1168.8,30527.02,4854.14,7,16,0.0383,0.2408,0
U0118,1720.36,20751.13,1729.0,6,8,0.0829,0.995,0
U0131,1001.8,70503.62,8419.35,11,6,0.0142,0.119,0
U0143,2179.11,55290.49,1755.27,11,1,0.0394,1.2415,0
U0087,1317.28,12513.23,4394.76,11,17,0.1053,0.2997,0
U0116,1272.92,82011.71,4878.02,10,0,0.0155,0.261,0
U0130,583.09,29734.76,8546.09,18,14,0.0196,0.0682,0
U0016,1720.77,42684.01,8556.86,13,19,0.0403,0.2011,0
U0183,2959.02,28724.98,2734.92,9,16,0.103,1.0819,0
U0090,56772.0,44270.72,10089.48,8,27,1.2824,5.6269,1
U0190,325.85,60905.94,1009.19,4,11,0.0054,0.3229,0
U0148,191524.48,84016.51,3235.33,4,45,2.2796,59.1978,1
U0100,3043.41,69299.86,9806.28,8,15,0.0439,0.3104,0
U0113,652.18,59872.64,9288.68,7,6,0.0109,0.0702,0
U0116,782.37,43217.59,511.64,9,9,0.0181,1.5291,0
U0179,563.74,54472.37,2233.57,11,14,0.0103,0.2524,0
U0046,1598.64,61852.65,9946.98,9,10,0.0258,0.1607,0
U0221,2144.27,81757.28,1494.5,7,15,0.0262,1.4348,0
U0027,1492.77,32513.23,3859.3,3,16,0.0459,0.3868,0
U0061,3062.5,76976.3,3688.69,9,0,0.0398,0.8302,0
U0012,1311.08,89701.31,2336.11,10,8,0.0146,0.5612,0
U0149,1483.03,58784.85,5664.41,7,4,0.0252,0.2618,0
U0078,1142.56,53224.74,6298.75,3,4,0.0215,0.1814,0
U0115,2148.39,66705.66,11671.04,11,3,0.0322,0.1841,0
U0170,1647.4,52283.96,2648.43,10,14,0.0315,0.622,0
U0034,1225.64,56074.72,11235.6,3,1,0.0219,0.1091,0
U0164,121671.15,17522.48,5402.22,8,7,6.9437,22.5224,1
U0200,994.13,87358.51,8485.79,3,16,0.0114,0.1172,0
U0136,967.53,16737.86,4055.84,11,12,0.0578,0.2386,0
U0233,1659.73,70301.2,5872.84,11,4,0.0236,0.2826,0
U0247,3416.4,35870.36,2189.02,14,14,0.0952,1.5607,0
U0038,1881.77,56604.5,966.28,10,17,0.0332,1.9474,0
U0102,1280.56,70871.97,10921.1,19,17,0.0181,0.1173,0
U0134,1143.34,66518.45,7374.73,16,5,0.0172,0.155,0
U0193,2458.53,67839.74,8373.12,3,20,0.0362,0.2936,0
U0187,882.62,67786.92,540.35,6,19,0.013,1.6334,0
U0100,1594.69,81826.17,11388.41,9,6,0.0195,0.14,0
U0249,2539.13,49088.69,9572.2,12,14,0.0517,0.2653,0
U0151,1632.8,42068.09,4580.83,7,15,0.0388,0.3564,0
U0024,547.42,48325.01,3853.85,7,14,0.0113,0.142,0
U0158,979.85,37387.33,1599.79,6,15,0.0262,0.6125,0
U0170,983.58,85000.74,8528.79,9,17,0.0116,0.1153,0
U0031,58770.23,76044.87,12359.16,9,36,0.7728,4.7552,1
U0078,1014.38,73351.41,8584.42,10,18,0.0138,0.1182,0
U0007,618.87,31445.62,7059.77,7,15,0.0197,0.0877,0
U0117,585.32,58346.3,10252.35,8,18,0.01,0.0571,0
U0245,1154.85,62549.68,9434.52,9,18,0.0185,0.1224,0
U0247,1484.05,50724.25,6878.8,17,19,0.0293,0.2157,0
U0231,61955.58,77391.57,3323.03,6,12,0.8005,18.6443,1
U0180,4192.16,46135.64,1305.45,11,0,0.0909,3.2113,0
U0124,354.29,89410.42,7756.15,7,16,0.004,0.0457,0
U0051,451.26,62501.81,5702.39,7,7,0.0072,0.0791,0
U0066,3963.38,15258.63,6111.03,15,8,0.2597,0.6486,0
U0217,38404.82,29948.52,1453.35,12,23,1.2824,26.4251,1
U0219,442.21,77903.36,1546.51,7,5,0.0057,0.2859,0
U0097,2562.12,65389.11,5796.03,8,7,0.0392,0.442,0
U0183,460.98,46460.26,9145.57,10,20,0.0099,0.0504,0
U0095,595.8,22686.82,5641.31,16,15,0.0263,0.1056,0
U0069,1796.8,42897.79,7241.19,15,3,0.0419,0.2481,0
U0039,507.34,64495.23,9866.54,6,9,0.0079,0.0514,0
U0108,19407.42,10618.03,10826.98,12,2,1.8278,1.7925,1
U0015,1585.63,9326.31,6928.07,8,14,0.17,0.2289,0
U0096,1487.81,75182.63,4012.49,11,11,0.0198,0.3708,0
U0043,726.29,40083.7,7563.2,9,10,0.0181,0.096,0
U0006,721.62,71482.12,3410.67,12,1,0.0101,0.2116,0
U0196,1060.98,65297.79,6611.05,6,5,0.0162,0.1605,0
U0205,1855.91,83984.71,3068.06,13,10,0.0221,0.6049,0
U0022,945.66,57722.26,9952.51,12,0,0.0164,0.095,0
U0066,696.73,78188.89,10426.05,10,8,0.0089,0.0668,0
U0158,384.27,65434.68,3431.47,8,7,0.0059,0.112,0
U0102,102178.35,48557.09,12200.97,9,9,2.1043,8.3746,1
U0075,714.22,28064.71,7905.38,13,8,0.0254,0.0903,0
U0205,353.08,47657.0,7749.51,11,4,0.0074,0.0456,0
U0154,1831.23,82880.07,8159.48,6,6,0.0221,0.2244,0
U0039,8488.34,70162.25,7164.09,7,12,0.121,1.1848,0
U0238,1579.55,65257.51,8629.36,9,7,0.0242,0.183,0
U0219,1867.61,48088.6,6351.62,11,16,0.0388,0.294,0
U0240,1573.49,9196.12,8208.77,11,5,0.1711,0.1917,0
U0089,2135.43,60542.74,5832.55,5,5,0.0353,0.3661,0
U0193,1425.0,23799.61,9370.89,9,5,0.0599,0.1521,0
U0032,1921.9,13706.7,2807.37,9,17,0.1402,0.6846,0
U0005,1914.9,67959.77,7930.25,9,8,0.0282,0.2415,0
U0160,2269.56,80633.34,9590.13,9,16,0.0281,0.2367,0
U0095,995.03,53032.57,8165.71,6,6,0.0188,0.1219,0
U0144,1171.66,32222.85,1029.76,7,15,0.0364,1.1378,0
U0100,746.29,17088.62,2990.51,10,19,0.0437,0.2496,0
U0129,1523.63,27497.88,3406.46,10,12,0.0554,0.4473,0
U0155,846.05,26172.02,4109.05,14,4,0.0323,0.2059,0
U0092,1553.34,77230.67,7081.91,8,9,0.0201,0.2193,0
U0177,632.58,45509.09,5799.48,13,12,0.0139,0.1091,0
U0134,1075.55,15212.21,633.04,9,9,0.0707,1.699,0
U0179,665.89,75463.8,4788.9,4,16,0.0088,0.139,0
U0228,1570.86,62824.75,2641.73,8,19,0.025,0.5946,0
U0148,2072.99,15406.94,5157.51,7,4,0.1345,0.4019,0
U0167,6030.02,65757.22,7466.77,10,16,0.0917,0.8076,0
U0157,772.22,64441.65,1590.66,7,12,0.012,0.4855,0
U0031,1799.71,39916.21,2092.7,13,0,0.0451,0.86,0
U0056,122371.35,20774.38,2252.73,11,24,5.8905,54.3214,1
U0130,849.41,28168.44,9185.34,11,7,0.0302,0.0925,0
U0006,1198.42,64653.71,9563.76,9,15,0.0185,0.1253,0
U0073,704.91,16011.21,5997.67,11,10,0.044,0.1175,0
U0103,1162.12,21379.03,1011.41,7,7,0.0544,1.149,0
U0045,858.14,57768.41,11613.43,15,7,0.0149,0.0739,0
U0201,3274.57,19480.99,8301.27,8,19,0.1681,0.3945,0
U0199,1755.44,28994.4,9068.49,9,4,0.0605,0.1936,0
U0011,1426.64,22035.8,10450.34,7,6,0.0647,0.1365,0
U0174,5173.96,35214.43,9007.15,12,5,0.1469,0.5744,0
U0151,2386.05,38227.26,9722.76,6,12,0.0624,0.2454,0
U0011,1512.52,61427.99,7199.71,13,9,0.0246,0.2101,0
U0231,2187.6,56395.11,9762.01,6,19,0.0388,0.2241,0
U0036,460.17,44996.89,11121.91,9,17,0.0102,0.0414,0
U0085,857.77,68808.13,2008.38,7,9,0.0125,0.4271,0
U0090,2205.33,44788.3,3250.29,10,16,0.0492,0.6785,0
U0019,2512.83,38029.45,6463.79,10,10,0.0661,0.3888,0
U0045,2056.96,36318.29,7560.55,4,5,0.0566,0.2721,0
U0173,1917.62,21434.03,2969.39,11,11,0.0895,0.6458,0
U0169,1712.23,85039.06,9720.38,12,8,0.0201,0.1761,0
U0214,948.56,80017.28,1056.66,11,17,0.0119,0.8977,0
U0019,515.67,66528.67,2399.11,12,3,0.0078,0.2149,0
U0237,274.96,73306.44,10255.73,4,1,0.0038,0.0268,0
U0136,106471.83,96130.22,7514.8,9,17,1.1076,14.1683,1
U0118,2222.77,77639.29,5280.94,9,19,0.0286,0.4209,0
U0217,108480.17,72653.5,2827.36,15,28,1.4931,38.3681,1
U0075,454.5,77709.04,5420.28,11,20,0.0058,0.0839,0
U0102,2478.34,54482.56,11061.61,9,20,0.0455,0.224,0
U0049,1632.06,61569.97,823.78,5,11,0.0265,1.9812,0
U0178,2749.02,24972.79,2569.96,6,19,0.1101,1.0697,0
U0007,1109.96,80817.63,5023.73,6,15,0.0137,0.2209,0
U0110,20650.39,70680.66,5565.53,7,32,0.2922,3.7104,1
U0104,2380.79,78087.64,8100.57,6,19,0.0305,0.2939,0
U0030,630.4,8586.34,1426.04,13,12,0.0734,0.4421,0
U0190,4262.26,69296.6,6504.17,7,10,0.0615,0.6553,0
U0248,1622.13,75241.05,6488.02,10,0,0.0216,0.25,0
U0101,125419.98,38632.49,4988.26,8,16,3.2465,25.143,1
U0080,1918.57,42922.07,11565.06,9,12,0.0447,0.1659,0
U0142,787.0,36759.84,6933.91,13,20,0.0214,0.1135,0
U0032,48359.42,64584.96,12481.01,6,35,0.7488,3.8746,1
U0076,718.71,9273.88,8915.73,11,12,0.0775,0.0806,0
U0038,636.34,48518.75,2459.46,5,11,0.0131,0.2587,0
U0062,1617.17,22263.99,9832.07,9,16,0.0726,0.1645,0
U0126,860.25,26623.67,7661.27,11,15,0.0323,0.1123,0
U0069,1805.94,80813.17,2315.52,12,3,0.0223,0.7799,0
U0110,2890.31,35029.89,5987.35,7,8,0.0825,0.4827,0
U0212,913.69,78448.23,4176.53,7,3,0.0116,0.2188,0
U0156,805.88,8512.31,3834.39,12,14,0.0947,0.2102,0
U0020,692.16,83973.96,10203.41,8,11,0.0082,0.0678,0
U0142,999.29,39736.98,4511.33,6,14,0.0251,0.2215,0
U0241,1163.41,77073.98,4737.22,13,11,0.0151,0.2456,0
U0172,1546.55,10235.93,1765.01,8,17,0.1511,0.8762,0
U0177,148063.76,17501.36,2651.55,2,1,8.4601,55.8405,1
U0039,616.24,63487.54,10188.59,15,12,0.0097,0.0605,0
U0226,1446.22,24791.75,2415.2,7,15,0.0583,0.5988,0
U0138,3325.15,34134.38,8056.02,9,17,0.0974,0.4128,0
U0243,3934.39,30659.1,1430.88,9,18,0.1283,2.7496,0
U0081,2423.14,85276.61,1160.87,4,1,0.0284,2.0874,0
U0012,872.24,56021.81,6249.94,10,7,0.0156,0.1396,0
U0081,1355.58,64779.06,949.62,11,3,0.0209,1.4275,0
U0143,1117.6,21020.85,925.05,8,12,0.0532,1.2081,0
U0163,1487.65,41960.68,10136.44,8,13,0.0355,0.1468,0
U0084,998.66,80723.58,6922.5,11,8,0.0124,0.1443,0
U0072,858.68,33619.37,10425.38,14,19,0.0255,0.0824,0
U0230,1041.92,87319.47,2438.1,9,14,0.0119,0.4273,0
U0146,120177.87,39411.39,8733.7,5,7,3.0493,13.7603,1
U0123,837.21,21036.05,2733.94,13,0,0.0398,0.3062,0
U0134,4148.77,38125.58,7731.26,14,10,0.1088,0.5366,0
U0024,1060.06,75725.99,2370.98,7,16,0.014,0.4471,0
U0117,2286.1,75905.65,11860.73,10,18,0.0301,0.1927,0
U0200,1398.65,35861.42,5686.78,14,9,0.039,0.2459,0
U0139,533.0,26247.36,2924.2,8,0,0.0203,0.1823,0
U0014,371.84,40663.56,7758.61,11,5,0.0091,0.0479,0
U0103,1853.17,15922.44,9336.53,6,14,0.1164,0.1985,0
U0140,2346.32,18470.39,8445.06,11,9,0.127,0.2778,0
U0172,1994.94,50472.06,984.79,9,15,0.0395,2.0258,0
U0035,517.99,38077.89,6022.29,11,15,0.0136,0.086,0
U0036,1250.28,76853.6,8588.64,10,19,0.0163,0.1456,0
U0184,665.04,33033.48,4272.37,12,11,0.0201,0.1557,0
U0248,117132.91,95869.18,5956.13,7,27,1.2218,19.6659,1
U0195,645.4,63574.45,3329.85,9,1,0.0102,0.1938,0
U0094,1164.63,52964.43,5869.93,14,7,0.022,0.1984,0
U0134,728.85,66378.3,6603.9,10,14,0.011,0.1104,0
U0135,365.76,47933.29,923.47,11,11,0.0076,0.3961,0
U0017,1115.33,63325.81,4009.23,8,3,0.0176,0.2782,0
U0193,12601.48,68516.5,7706.71,7,3,0.1839,1.6351,0
U0172,430.42,76673.46,7634.49,8,2,0.0056,0.0564,0
U0074,222.98,42179.45,5444.32,12,2,0.0053,0.041,0
U0019,732.69,25944.04,3029.69,10,4,0.0282,0.2418,0
U0166,1940.0,30111.38,2454.32,15,2,0.0644,0.7904,0
U0233,2231.34,20982.1,9550.23,8,8,0.1063,0.2336,0
U0215,1087.28,45799.89,7061.73,7,19,0.0237,0.154,0
U0042,1132.43,83994.02,9217.77,12,17,0.0135,0.1229,0
U0133,3325.44,18418.15,4997.7,6,18,0.1806,0.6654,0
U0178,1416.27,85987.17,1129.87,8,10,0.0165,1.2535,0
U0139,1399.4,31200.69,6627.78,6,19,0.0449,0.2111,0
U0017,1348.22,37871.97,2303.5,10,8,0.0356,0.5853,0
U0174,3478.34,48863.23,1481.91,13,11,0.0712,2.3472,0
U0185,1160.36,65073.29,3499.18,5,5,0.0178,0.3316,0
U0228,1503.32,25767.86,5969.75,9,20,0.0583,0.2518,0
U0045,167392.67,66711.54,3682.45,7,15,2.5092,45.4568,1
U0063,1783.65,24080.25,6023.26,6,20,0.0741,0.2961,0
U0211,145021.69,33909.22,7773.96,4,37,4.2768,18.6548,1
U0230,1537.75,26397.56,4335.39,11,13,0.0583,0.3547,0
U0028,554.38,84441.84,7978.45,14,2,0.0066,0.0695,0
U0237,1461.34,8668.68,9555.19,10,0,0.1686,0.1529,0
U0035,1477.82,77774.11,8093.51,8,18,0.019,0.1826,0
U0179,1049.5,61485.51,2547.1,13,12,0.0171,0.412,0
U0206,3623.5,85308.06,11362.21,7,4,0.0425,0.3189,0
U0018,974.89,23258.83,8629.54,14,3,0.0419,0.113,0
U0138,872.19,46182.8,11902.01,16,9,0.0189,0.0733,0
U0055,889.19,41719.38,4195.53,11,19,0.0213,0.2119,0
U0211,1723.87,71048.52,5674.27,10,7,0.0243,0.3038,0
U0080,1701.71,62268.15,10962.78,8,5,0.0273,0.1552,0
U0200,681.64,37571.12,3309.59,16,7,0.0181,0.206,0
U0075,1276.68,9609.18,11310.23,19,0,0.1329,0.1129,0
U0202,1991.23,49922.03,11847.65,7,19,0.0399,0.1681,0
U0178,914.7,9787.31,9827.07,9,9,0.0935,0.0931,0
U0216,711.22,81018.69,7529.36,18,19,0.0088,0.0945,0
U0078,220168.62,27504.39,12449.37,6,12,8.0049,17.6851,1
U0076,37982.87,59510.41,3899.04,5,41,0.6383,9.7416,1
U0063,2126.06,61395.48,2872.63,14,20,0.0346,0.7401,0
U0164,1175.79,72545.34,11253.89,14,13,0.0162,0.1045,0
U0028,932.98,42303.65,7623.3,13,7,0.0221,0.1224,0
U0092,1211.33,12241.22,2524.96,10,19,0.099,0.4797,0
U0132,971.66,84389.54,8841.34,11,8,0.0115,0.1099,0
U0096,816.68,65959.04,6565.08,12,5,0.0124,0.1244,0
U0161,677.67,43487.98,9616.54,15,8,0.0156,0.0705,0
U0236,1954.79,15543.64,8605.08,10,15,0.1258,0.2272,0
U0238,2081.3,59578.77,3387.35,8,19,0.0349,0.6144,0
U0047,570.22,82826.64,8944.86,8,12,0.0069,0.0637,0
U0096,1336.79,31362.14,3961.31,9,0,0.0426,0.3375,0
U0026,444.37,14055.41,3795.42,9,4,0.0316,0.1171,0
U0108,1115.23,74844.13,6018.29,13,7,0.0149,0.1853,0
U0040,2954.31,36971.92,2147.71,10,6,0.0799,1.3756,0
U0186,361.16,9582.06,8671.73,7,15,0.0377,0.0416,0
U0017,657.44,78209.1,2831.28,8,10,0.0084,0.2322,0
U0232,1793.78,75162.86,6971.44,6,6,0.0239,0.2573,0
U0035,924.07,28756.68,8430.42,10,1,0.0321,0.1096,0
U0052,512.64,63278.6,1812.04,11,0,0.0081,0.2829,0
U0015,1073.25,35321.58,1972.66,12,15,0.0304,0.5441,0
U0122,1525.71,8151.23,10552.37,6,7,0.1872,0.1446,0
U0194,1977.22,57143.21,3299.18,15,18,0.0346,0.5993,0
U0197,489.87,24653.78,11363.63,17,5,0.0199,0.0431,0
U0106,1357.86,24981.74,4393.06,16,9,0.0544,0.3091,0
U0063,2850.46,83423.83,10104.99,9,15,0.0342,0.2821,0
U0238,1410.89,27357.47,10984.61,12,17,0.0516,0.1284,0
U0078,2347.4,73568.18,3445.5,10,18,0.0319,0.6813,0
U0120,1310.87,85526.83,860.53,15,3,0.0153,1.5233,0
U0007,79587.88,73928.15,11010.41,8,7,1.0766,7.2284,1
U0006,1089.57,63008.05,11453.11,13,14,0.0173,0.0951,0
U0103,1305.65,79263.62,1447.95,17,15,0.0165,0.9017,0
U0219,714.92,83568.13,8691.71,8,8,0.0086,0.0823,0
U0065,1955.52,21902.59,11398.08,7,9,0.0893,0.1716,0
U0109,721.3,30988.03,7582.36,12,10,0.0233,0.0951,0
U0062,782.22,83431.63,6202.5,9,13,0.0094,0.1261,0
U0172,180427.6,17562.83,12759.4,8,32,10.2733,14.1408,1
U0050,865.8,48664.07,4882.24,11,5,0.0178,0.1773,0
U0020,657.08,10050.57,7151.14,14,11,0.0654,0.0919,0
U0219,58412.47,91581.47,10115.44,14,42,0.6378,5.7746,1
U0012,1981.75,83713.92,6217.68,7,13,0.0237,0.3187,0
U0174,1870.98,63323.12,3989.99,10,17,0.0295,0.4689,0
U0238,3590.6,74993.01,6425.91,6,18,0.0479,0.5588,0
U0029,1480.57,46946.7,4403.89,9,2,0.0315,0.3362,0
U0059,1849.45,43746.66,1867.86,17,20,0.0423,0.9901,0
U0053,2934.31,47834.57,11369.65,7,11,0.0613,0.2581,0
U0069,2762.27,34944.0,4071.65,15,0,0.079,0.6784,0
U0066,531.25,79301.21,933.32,11,16,0.0067,0.5692,0
U0161,3102.87,22871.34,3331.52,9,9,0.1357,0.9314,0
U0153,1588.35,68328.43,3242.09,8,0,0.0232,0.4899,0
U0188,1007.1,31781.53,6783.8,11,16,0.0317,0.1485,0
U0088,1324.07,64043.8,7046.67,3,18,0.0207,0.1879,0
U0232,1661.44,38731.57,10191.53,11,12,0.0429,0.163,0
U0005,1123.54,22478.61,3230.51,7,3,0.05,0.3478,0
U0190,832.38,73753.06,1127.0,16,19,0.0113,0.7386,0
U0080,1851.26,61144.23,9728.25,10,17,0.0303,0.1903,0
U0231,1872.07,48705.68,11176.88,13,2,0.0384,0.1675,0
U0003,2814.72,59609.24,3649.88,10,10,0.0472,0.7712,0
U0105,1757.86,80742.96,10035.26,7,6,0.0218,0.1752,0
U0238,4545.8,11706.54,2133.4,11,19,0.3883,2.1308,0
U0249,565.82,19127.31,4642.6,9,6,0.0296,0.1219,0
U0020,1234.64,19359.62,2415.62,9,20,0.0638,0.5111,0
U0089,963.67,8008.59,9311.96,15,18,0.1203,0.1035,0
U0148,591.12,18418.36,2949.1,10,6,0.0321,0.2004,0
U0080,1770.69,58646.3,8695.56,13,18,0.0302,0.2036,0
U0113,888.71,50680.87,5356.7,7,7,0.0175,0.1659,0
U0112,1635.08,78712.6,2339.44,9,1,0.0208,0.6989,0
U0174,1808.92,15331.68,10611.72,11,8,0.118,0.1705,0
U0204,1328.86,85219.66,7060.2,8,20,0.0156,0.1882,0
U0074,1397.12,13035.22,519.59,16,2,0.1072,2.6889,0
U0076,2804.38,76264.38,5930.67,10,1,0.0368,0.4729,0
U0054,402.97,52273.07,3032.48,5,2,0.0077,0.1329,0
U0021,2789.19,26007.78,9771.98,12,2,0.1072,0.2854,0
U0131,1127.46,72655.87,7935.14,12,18,0.0155,0.1421,0
U0014,918.41,72421.42,9305.93,11,2,0.0127,0.0987,0
U0014,2020.25,10221.21,8323.53,11,5,0.1977,0.2427,0
U0169,3015.5,49490.47,10670.1,12,11,0.0609,0.2826,0
U0226,2025.23,37011.41,4862.87,9,5,0.0547,0.4165,0
U0231,5257.85,69810.43,10596.21,13,18,0.0753,0.4962,0
U0116,1961.14,76543.39,7214.81,10,5,0.0256,0.2718,0
U0052,366.79,62720.75,6818.69,16,6,0.0058,0.0538,0
U0208,673.1,9963.04,2245.86,14,18,0.0676,0.2997,0
U0117,849.15,56515.56,5181.77,11,1,0.015,0.1639,0
U0172,502.95,15928.61,9769.34,7,9,0.0316,0.0515,0
U0159,1118.82,9822.95,3652.57,10,7,0.1139,0.3063,0
U0071,507.21,68045.97,8676.0,16,16,0.0075,0.0585,0
U0116,902.95,37668.99,660.07,11,10,0.024,1.3679,0
U0076,651.48,16121.24,3093.18,9,13,0.0404,0.2106,0
U0186,3251.03,49498.51,3417.67,10,15,0.0657,0.9512,0
U0135,1195.07,77512.11,2963.5,10,12,0.0154,0.4033,0
U0194,679.58,89358.42,10736.63,13,1,0.0076,0.0633,0
U0182,1373.17,44769.5,9675.14,16,10,0.0307,0.1419,0
U0243,640.03,39914.23,11079.17,11,0,0.016,0.0578,0
U0064,1487.26,52046.6,5684.31,16,18,0.0286,0.2616,0
U0242,653.76,85684.63,10115.03,8,2,0.0076,0.0646,0
U0011,905.31,29647.02,5551.94,11,15,0.0305,0.1631,0
U0170,112496.26,98787.59,12431.87,5,13,1.1388,9.049,1
U0019,1412.35,17437.79,6862.46,17,6,0.081,0.2058,0
U0107,1479.61,11141.03,7897.92,7,9,0.1328,0.1873,0
U0069,1187.67,61483.63,10643.38,14,6,0.0193,0.1116,0
U0041,226421.55,27452.78,4010.49,7,38,8.2477,56.4573,1
U0038,749.59,20186.38,10837.67,9,2,0.0371,0.0692,0
U0143,1153.41,33286.09,6392.31,9,3,0.0347,0.1804,0
U0010,71163.4,95833.72,14286.2,6,7,0.7426,4.9813,1
U0185,832.88,44209.35,9537.4,10,13,0.0188,0.0873,0
U0231,1114.84,58165.94,1120.67,15,4,0.0192,0.9948,0
U0026,2430.95,76906.86,602.04,14,4,0.0316,4.0378,0
U0145,472.83,70205.68,8118.74,11,9,0.0067,0.0582,0
U0025,515.18,35494.32,943.99,8,7,0.0145,0.5457,0
U0021,699.26,45733.57,4822.83,11,10,0.0153,0.145,0
U0038,1129.2,21207.52,9697.55,9,11,0.0532,0.1164,0
U0182,2139.91,32264.72,9112.9,11,11,0.0663,0.2348,0
U0128,212662.09,53341.01,6766.45,6,8,3.9868,31.4289,1
U0228,981.48,28307.19,2072.7,10,4,0.0347,0.4735,0
U0022,1070.82,67581.73,3449.98,9,18,0.0158,0.3104,0
U0091,356.87,18801.1,907.37,13,18,0.019,0.3933,0
U0007,2289.41,16815.64,560.82,7,1,0.1361,4.0822,0
U0213,2012.07,27168.02,4300.78,12,19,0.0741,0.4678,0
U0155,520.13,41517.63,11037.42,8,3,0.0125,0.0471,0
U0243,403.85,48691.19,2786.56,11,10,0.0083,0.1449,0
U0007,1203.3,70360.45,7048.95,9,15,0.0171,0.1707,0
U0190,661.91,78980.67,9857.94,9,8,0.0084,0.0671,0
U0061,4289.06,62749.47,5101.6,15,20,0.0684,0.8407,0
U0147,899.23,78198.45,2889.95,9,0,0.0115,0.3112,0
U0096,1958.47,18891.34,6701.55,12,18,0.1037,0.2922,0
U0069,2190.97,60856.64,695.13,12,17,0.036,3.1519,0
U0172,1738.23,87967.36,5828.03,12,18,0.0198,0.2983,0
U0127,100896.9,70217.46,14944.08,7,44,1.4369,6.7516,1
U0229,439.35,87659.48,10835.89,17,10,0.005,0.0405,0
U0171,1555.4,15540.85,1705.96,9,20,0.1001,0.9117,0
U0159,1621.81,41379.64,8148.8,6,13,0.0392,0.199,0
U0171,1956.99,29420.93,10292.83,5,5,0.0665,0.1901,0
U0129,491.43,47066.69,10114.03,6,1,0.0104,0.0486,0
U0003,1892.57,61931.6,4134.34,10,16,0.0306,0.4578,0
U0151,3163.32,18647.67,3084.8,5,9,0.1696,1.0255,0
U0033,969.86,50667.28,8970.65,10,2,0.0191,0.1081,0
U0147,32710.95,85318.09,10532.63,6,12,0.3834,3.1057,1
U0222,1115.54,28618.88,4881.57,9,16,0.039,0.2285,0
U0206,1299.64,24389.51,1450.68,10,8,0.0533,0.8959,0
U0166,1965.19,66487.65,10610.93,11,20,0.0296,0.1852,0
U0106,1419.54,26564.16,5185.89,7,13,0.0534,0.2737,0
U0020,518.15,31364.03,9379.61,14,2,0.0165,0.0552,0
U0192,726.2,21566.3,10768.4,11,9,0.0337,0.0674,0
U0021,2226.14,51126.38,6833.42,10,3,0.0435,0.3258,0
U0112,1166.7,85539.97,3605.76,6,13,0.0136,0.3236,0
U0071,57255.44,84546.09,9264.27,8,26,0.6772,6.1802,1
U0222,1109.82,77487.65,2143.17,8,1,0.0143,0.5178,0
U0029,2206.43,50353.07,2226.47,11,0,0.0438,0.991,0
U0222,4119.21,86062.07,1681.08,6,17,0.0479,2.4503,0
U0182,460.06,63251.45,7770.3,10,15,0.0073,0.0592,0
U0023,1092.06,57711.99,7213.9,10,0,0.0189,0.1514,0
U0016,935.82,57842.2,6638.0,11,0,0.0162,0.141,0
U0162,43521.94,87989.96,1269.46,7,0,0.4946,34.2838,1
U0105,2178.42,57206.23,6275.95,19,13,0.0381,0.3471,0
U0057,957.28,45596.15,5992.51,11,14,0.021,0.1597,0
U0213,2359.37,64664.09,5357.07,10,17,0.0365,0.4404,0
U0158,1425.61,12889.97,3693.46,5,11,0.1106,0.386,0
U0006,295.18,23692.63,5401.55,11,8,0.0125,0.0546,0
U0069,2213.24,27394.51,11957.77,11,17,0.0808,0.1851,0
U0011,5629.23,43736.92,6606.07,7,1,0.1287,0.8521,0
U0212,755.5,43926.78,4701.53,11,8,0.0172,0.1607,0
U0112,1682.2,39643.0,4626.6,5,5,0.0424,0.3636,0
U0026,963.57,58837.84,2673.07,13,6,0.0164,0.3605,0
U0168,1200.79,20513.47,7054.51,8,8,0.0585,0.1702,0
U0249,2906.58,89141.24,7140.59,10,20,0.0326,0.4071,0
U0064,526.31,39847.44,4074.93,13,19,0.0132,0.1292,0
U0036,3464.7,80193.87,1957.98,9,11,0.0432,1.7695,0
U0156,384.43,24924.78,2660.82,10,2,0.0154,0.1445,0
U0179,1358.41,35319.99,8480.85,9,19,0.0385,0.1602,0
U0215,1306.2,62969.0,7637.51,10,10,0.0207,0.171,0
U0107,2597.3,29809.87,11347.7,11,13,0.0871,0.2289,0
U0205,48673.94,21994.98,10388.3,7,44,2.213,4.6855,1
U0069,1237.9,59123.48,2650.52,1,2,0.0209,0.467,0
U0248,2392.21,84459.78,6086.71,8,18,0.0283,0.393,0
U0032,2388.68,80917.9,4364.84,6,16,0.0295,0.5473,0
U0093,757.53,37018.89,2400.14,9,16,0.0205,0.3156,0
U0017,2430.03,28937.03,5064.62,11,8,0.084,0.4798,0
U0087,36692.99,54668.39,4782.69,6,4,0.6712,7.672,1
U0232,937.59,23742.31,8518.7,7,15,0.0395,0.1101,0
U0212,1825.53,52841.52,5942.65,14,20,0.0345,0.3072,0
U0120,1937.91,23035.13,6978.89,11,16,0.0841,0.2777,0
U0075,747.08,44367.55,3355.82,9,11,0.0168,0.2226,0
U0107,66595.23,98645.76,1266.38,6,9,0.6751,52.5869,1
U0198,1931.23,83183.82,7948.62,8,11,0.0232,0.243,0
U0098,1000.06,25708.67,11207.57,12,11,0.0389,0.0892,0
U0171,1071.2,16831.45,1451.35,7,5,0.0636,0.7381,0
U0061,1489.66,53173.21,838.99,10,19,0.028,1.7755,0
U0033,3226.99,89487.24,1026.08,17,18,0.0361,3.145,0
U0167,54404.69,70632.89,13468.13,13,27,0.7702,4.0395,1
U0084,462.66,23733.29,3810.51,14,14,0.0195,0.1214,0
U0088,965.28,25689.85,11808.85,7,11,0.0376,0.0817,0
U0109,1380.24,71122.66,6522.57,13,14,0.0194,0.2116,0
U0061,1482.52,71636.3,6002.41,9,16,0.0207,0.247,0
U0056,959.39,34669.0,11548.66,10,3,0.0277,0.0831,0
U0093,725.7,75225.37,9615.66,10,8,0.0096,0.0755,0
U0102,940.72,42504.21,3644.9,6,15,0.0221,0.2581,0
U0198,1038.35,29043.17,10739.79,5,3,0.0358,0.0967,0
U0021,691.3,9395.25,3229.13,11,5,0.0736,0.2141,0
U0137,1326.14,84373.17,2350.81,12,3,0.0157,0.5641,0
U0196,422.53,49768.64,1905.0,14,6,0.0085,0.2218,0
U0141,3576.07,37921.07,4511.33,7,14,0.0943,0.7927,0
U0105,66972.94,22150.49,10132.92,4,20,3.0235,6.6094,1
U0207,889.37,51050.42,8122.77,9,3,0.0174,0.1095,0
U0243,972.59,14007.84,11127.34,10,3,0.0694,0.0874,0
U0006,51655.53,46629.9,3080.26,7,15,1.1078,16.7699,1
U0181,729.91,27423.05,8967.82,8,10,0.0266,0.0814,0
U0194,1224.74,70154.77,4264.12,10,17,0.0175,0.2872,0
U0095,4054.18,19800.7,2381.9,10,16,0.2047,1.7021,0
U0027,909.18,48471.06,8096.46,7,8,0.0188,0.1123,0
U0130,776.7,37704.27,1009.82,9,0,0.0206,0.7691,0
U0234,1487.99,49807.05,5952.16,5,15,0.0299,0.25,0
U0088,874.08,87765.48,4571.54,8,18,0.01,0.1912,0
U0126,1976.68,68855.84,3972.13,14,11,0.0287,0.4976,0
U0027,964.09,63435.87,2768.2,14,17,0.0152,0.3483,0
U0194,685.8,87705.49,2624.89,9,17,0.0078,0.2613,0
U0003,653.38,78894.4,4313.14,7,4,0.0083,0.1515,0
U0039,138535.52,96462.6,1755.16,9,20,1.4362,78.9306,1
U0120,1741.89,60899.37,6467.44,7,2,0.0286,0.2693,0
U0221,1272.75,71124.06,3579.77,11,6,0.0179,0.3555,0
U0235,63879.14,88749.74,8647.68,9,43,0.7198,7.3869,1
U0096,468.25,69176.01,8546.2,12,3,0.0068,0.0548,0
U0194,1350.06,35679.98,1515.09,13,10,0.0378,0.8911,0
U0011,1762.38,81664.95,8004.56,6,16,0.0216,0.2202,0
U0127,3713.08,70019.06,1347.16,13,18,0.053,2.7562,0
U0160,865.95,48592.5,896.61,11,13,0.0178,0.9658,0
U0063,2517.06,14884.03,4774.68,11,4,0.1691,0.5272,0
U0045,442.2,29061.69,10826.8,6,11,0.0152,0.0408,0
U0041,854.29,14710.85,1531.77,6,10,0.0581,0.5577,0
U0004,1774.74,17628.12,11235.57,13,17,0.1007,0.158,0
U0045,1375.2,42951.95,547.12,8,6,0.032,2.5135,0
U0016,21811.44,95630.75,994.68,9,39,0.2281,21.9281,1
U0119,1767.7,53496.49,9324.18,5,3,0.033,0.1896,0
U0179,1190.36,9972.52,3066.25,8,12,0.1194,0.3882,0
U0165,1775.74,63011.51,11772.07,10,16,0.0282,0.1508,0
U0101,2452.06,62697.81,8878.53,6,11,0.0391,0.2762,0
U0198,7142.4,38078.26,5101.94,16,8,0.1876,1.3999,0
U0179,512.68,27028.44,4559.13,8,9,0.019,0.1125,0
U0069,519.69,72026.86,4421.95,13,5,0.0072,0.1175,0
U0123,1031.13,15038.14,5856.7,4,7,0.0686,0.1761,0
U0230,1533.85,88340.23,3613.9,8,20,0.0174,0.4244,0
U0072,3165.79,89523.4,11671.0,13,5,0.0354,0.2713,0
U0237,27780.6,48834.14,3241.98,7,21,0.5689,8.569,1
U0190,98798.54,51453.61,6864.23,12,6,1.9201,14.3932,1
U0172,187.3,56246.01,11822.08,11,12,0.0033,0.0158,0
U0151,1162.13,24153.63,4633.38,11,7,0.0481,0.2508,0
U0124,1636.86,33089.9,8969.44,7,3,0.0495,0.1825,0
U0242,1998.45,89124.22,4019.68,10,19,0.0224,0.4972,0
U0074,1908.54,45881.27,4143.71,12,4,0.0416,0.4606,0
U0169,981.02,21752.13,5631.78,8,18,0.0451,0.1742,0
U0131,181144.75,80738.27,7341.24,4,27,2.2436,24.675,1
U0145,1094.15,34210.59,6937.95,8,7,0.032,0.1577,0
U0162,4910.7,69233.1,2153.05,11,16,0.0709,2.2808,0
U0021,1305.13,68893.85,10389.66,5,7,0.0189,0.1256,0
U0183,134549.23,96310.77,11692.8,7,17,1.397,11.507,1
U0039,608.18,75456.25,5343.47,9,5,0.0081,0.1138,0
U0177,131523.84,95980.98,6825.62,9,30,1.3703,19.2691,1
U0005,2636.39,27548.23,2894.15,4,9,0.0957,0.9109,0
U0194,58571.83,41348.58,7512.63,7,0,1.4165,7.7965,1
U0164,1416.72,68136.88,1473.94,6,9,0.0208,0.9612,0
U0157,2847.37,83516.36,505.72,11,0,0.0341,5.6303,0
U0206,948.46,67186.14,5157.96,8,3,0.0141,0.1839,0
U0218,1541.22,35277.28,8228.72,14,20,0.0437,0.1873,0
U0192,1649.42,55524.76,11021.44,6,7,0.0297,0.1497,0
U0048,2203.41,54535.54,6132.37,7,1,0.0404,0.3593,0
U0240,2169.89,31580.24,11724.27,12,12,0.0687,0.1851,0
U0096,323.21,19760.11,3405.74,7,15,0.0164,0.0949,0
U0053,1103.92,54941.14,11406.15,9,13,0.0201,0.0968,0
U0050,925.27,11871.08,4574.57,7,0,0.0779,0.2023,0
U0105,2955.21,29408.34,11267.66,12,2,0.1005,0.2623,0
U0003,826.31,39175.24,589.13,7,18,0.0211,1.4026,0
U0098,1228.99,8403.15,967.8,13,13,0.1463,1.2699,0
U0014,960.82,59765.98,3437.8,9,16,0.0161,0.2795,0
U0123,1817.06,70137.07,6718.55,17,4,0.0259,0.2705,0
U0097,66754.83,82055.68,7399.25,8,2,0.8135,9.0218,1
U0223,1954.11,54267.49,2897.15,14,9,0.036,0.6745,0
U0110,2583.35,10259.63,9346.98,10,1,0.2518,0.2764,0
U0015,2539.73,72420.28,5912.76,9,4,0.0351,0.4295,0
U0127,2674.37,46553.75,3961.47,9,2,0.0574,0.6751,0
U0129,955.03,63112.27,10732.28,13,2,0.0151,0.089,0
U0138,1594.02,32028.77,5808.71,12,3,0.0498,0.2744,0
U0042,44882.11,28528.4,7539.28,8,20,1.5732,5.9531,1
U0077,768.56,80903.48,1992.53,11,12,0.0095,0.3857,0
U0135,1538.75,8450.29,11900.02,2,5,0.1821,0.1293,0
U0140,1377.84,11327.53,4101.35,10,13,0.1216,0.3359,0
U0077,1516.82,49947.99,11215.59,9,18,0.0304,0.1352,0
U0184,608.43,69820.91,2974.72,8,19,0.0087,0.2045,0
U0115,1276.1,33071.36,3712.14,14,20,0.0386,0.3438,0
U0023,828.2,23739.43,2170.96,7,11,0.0349,0.3815,0
U0233,863.56,30895.12,9281.33,10,13,0.028,0.093,0
U0232,1621.34,25401.38,6254.83,12,12,0.0638,0.2592,0
U0009,42713.55,98564.85,2250.38,11,25,0.4334,18.9806,1
U0037,2763.58,69829.65,6296.36,6,13,0.0396,0.4389,0
U0138,105817.46,43010.81,5697.42,7,29,2.4603,18.5729,1
U0025,732.54,86735.25,9597.9,5,9,0.0084,0.0763,0
U0057,2095.59,74581.57,8257.94,10,7,0.0281,0.2538,0
U0233,686.63,40644.07,7229.82,13,5,0.0169,0.095,0
U0129,722.01,85701.69,5377.29,8,8,0.0084,0.1343,0
U0034,1660.68,62533.95,10423.57,14,3,0.0266,0.1593,0
U0194,721.15,28772.11,2355.16,10,16,0.0251,0.3062,0
U0028,2504.08,89720.29,4238.54,6,12,0.0279,0.5908,0
U0022,1196.21,44169.13,9452.1,9,3,0.0271,0.1266,0
U0189,508.02,77965.99,4294.22,14,11,0.0065,0.1183,0
U0105,1006.61,48219.78,10448.42,13,4,0.0209,0.0963,0
U0249,543.95,61108.71,1650.93,13,4,0.0089,0.3295,0
U0013,990.62,25470.65,7788.45,3,15,0.0389,0.1272,0
U0119,179362.96,59526.39,3134.29,10,43,3.0132,57.226,1
U0067,740.85,12197.88,6217.9,8,4,0.0607,0.1191,0
U0218,2451.35,51748.94,11263.68,8,12,0.0474,0.2176,0
U0235,1506.82,47176.62,551.76,14,11,0.0319,2.7309,0
U0036,1701.36,89055.87,8423.7,4,2,0.0191,0.202,0
U0209,2352.59,11884.73,11852.75,12,5,0.198,0.1985,0
U0203,2429.44,81359.99,2563.77,8,12,0.0299,0.9476,0
U0081,2687.49,84999.54,9654.97,7,20,0.0316,0.2784,0
U0240,1217.88,54409.28,5867.17,7,9,0.0224,0.2076,0
U0107,635.27,33128.81,8255.08,14,1,0.0192,0.077,0
U0095,2055.63,13036.12,9268.34,5,11,0.1577,0.2218,0
U0179,5026.43,25596.73,10888.34,8,0,0.1964,0.4616,0
U0191,340.41,25302.43,1888.61,10,13,0.0135,0.1802,0
U0160,42714.13,37563.64,3277.45,8,37,1.1371,13.0327,1
U0229,43346.75,59068.26,7861.83,11,19,0.7338,5.5136,1
U0028,169342.29,38432.92,13911.0,9,13,4.4062,12.1733,1
U0229,966.35,39394.0,2011.88,7,18,0.0245,0.4803,0
U0197,835.05,54286.12,5757.03,15,17,0.0154,0.145,0
U0164,1218.64,88699.83,7399.61,12,6,0.0137,0.1647,0
U0071,1216.87,23706.65,3055.61,7,16,0.0513,0.3982,0
U0098,812.13,14137.57,6353.42,9,17,0.0574,0.1278,0
U0001,939.02,57223.67,8824.06,9,6,0.0164,0.1064,0
U0161,1747.89,70563.98,5989.8,9,8,0.0248,0.2918,0
U0102,1114.27,15057.83,6860.22,6,4,0.074,0.1624,0
U0150,1798.39,59222.09,10496.6,5,16,0.0304,0.1713,0
U0184,1325.19,33449.76,6347.61,12,6,0.0396,0.2088,0
U0212,3017.03,20522.45,10367.28,7,18,0.147,0.291,0
U0031,1996.15,61505.07,5626.94,9,13,0.0325,0.3547,0
U0088,2252.68,77661.8,1537.08,6,5,0.029,1.4656,0
U0197,507.8,55111.41,1973.09,15,12,0.0092,0.2574,0
U0004,2583.15,13337.99,3032.29,8,13,0.1937,0.8519,0
U0199,336.61,79973.2,11354.46,11,14,0.0042,0.0296,0
U0122,1625.65,65445.05,3153.03,12,2,0.0248,0.5156,0
U0186,788.59,67131.75,9607.38,9,17,0.0117,0.0821,0
U0165,696.13,47353.75,2136.79,10,0,0.0147,0.3258,0
U0150,1343.18,87626.03,11336.76,11,17,0.0153,0.1185,0
U0197,1001.99,8846.02,800.2,8,15,0.1133,1.2522,0
U0175,2015.56,57435.01,2988.45,14,8,0.0351,0.6744,0
U0010,5717.85,28705.01,9534.32,11,9,0.1992,0.5997,0
U0225,807.8,62761.47,3725.02,14,0,0.0129,0.2169,0
U0052,770.29,86439.46,11942.42,8,9,0.0089,0.0645,0
U0009,1289.64,25723.16,8966.47,9,17,0.0501,0.1438,0
U0209,50612.03,81268.86,4244.0,9,17,0.6228,11.9256,1
U0175,1681.07,34329.01,10347.77,6,7,0.049,0.1625,0
U0223,2190.26,19976.36,7908.23,11,12,0.1096,0.277,0
U0183,1406.51,78920.16,7254.79,9,7,0.0178,0.1939,0
U0246,626.05,36220.18,5426.95,10,20,0.0173,0.1154,0
U0033,858.35,81496.04,11340.25,12,0,0.0105,0.0757,0
U0229,1218.61,9501.21,9884.42,10,10,0.1283,0.1233,0
U0150,4198.66,65616.33,11220.46,4,3,0.064,0.3742,0
U0222,1210.44,79543.89,8575.15,8,17,0.0152,0.1412,0
U0171,944.67,48378.69,11447.36,15,7,0.0195,0.0825,0
U0146,372.42,48855.98,6302.63,13,8,0.0076,0.0591,0
U0114,837.78,23902.34,6114.76,8,6,0.0351,0.137,0
U0156,3074.27,88086.57,2878.0,7,14,0.0349,1.0682,0
U0195,2192.38,72944.35,4621.8,9,14,0.0301,0.4744,0
U0224,2399.67,32435.52,5339.59,9,9,0.074,0.4494,0
U0177,596.88,35552.77,7079.76,10,15,0.0168,0.0843,0
U0033,374.12,55995.32,4874.25,10,6,0.0067,0.0768,0
U0010,1472.91,18303.77,3445.93,11,13,0.0805,0.4274,0
U0053,37030.73,12261.16,7378.01,7,36,3.0202,5.0191,1
U0062,2399.67,53198.17,5418.77,8,15,0.0451,0.4428,0
U0223,1113.57,53565.98,4859.48,10,8,0.0208,0.2292,0
U0108,1393.94,59084.45,9301.3,16,0,0.0236,0.1499,0
U0042,2439.6,19520.35,7345.21,6,3,0.125,0.3321,0
U0193,1776.49,16803.87,2025.51,9,19,0.1057,0.8771,0
U0031,1092.4,72990.3,3666.32,12,1,0.015,0.298,0
U0172,1415.32,24705.75,11134.39,9,19,0.0573,0.1271,0
U0012,1109.89,17474.22,10141.23,4,0,0.0635,0.1094,0
U0147,2436.66,9434.32,11070.31,8,16,0.2583,0.2201,0
U0205,802.2,28257.38,7036.5,6,18,0.0284,0.114,0
U0195,1193.31,32108.1,9352.51,7,15,0.0372,0.1276,0
U0200,1314.1,41676.71,10954.39,8,7,0.0315,0.12,0
U0117,707.74,59987.96,5896.41,8,4,0.0118,0.12,0
U0129,323.21,83782.11,10684.9,11,7,0.0039,0.0302,0
U0025,190806.74,57120.96,11861.81,8,37,3.3404,16.0858,1
U0094,898.7,17701.54,3227.72,6,6,0.0508,0.2784,0
U0143,638.64,75017.32,3847.0,11,2,0.0085,0.166,0
U0068,1213.96,30847.81,9832.18,13,6,0.0394,0.1235,0
U0030,602.51,62929.97,10227.1,14,3,0.0096,0.0589,0
U0084,1014.12,40385.91,8809.9,9,12,0.0251,0.1151,0
U0109,1082.02,76899.19,10676.28,6,19,0.0141,0.1013,0
U0097,1398.4,55639.04,4054.15,7,17,0.0251,0.3449,0
U0161,2600.66,35264.76,9957.25,9,16,0.0737,0.2612,0
U0123,3361.32,65826.67,11604.31,7,3,0.0511,0.2897,0
U0149,2729.53,89819.88,9404.11,7,18,0.0304,0.2902,0
U0221,2150.3,13690.84,1037.79,6,12,0.1571,2.072,0
U0104,976.61,42198.85,2066.81,7,9,0.0231,0.4725,0
U0249,2091.9,64841.03,11297.68,6,12,0.0323,0.1852,0
U0040,8172.47,12304.58,8683.23,7,18,0.6642,0.9412,0
U0148,2216.05,48888.79,3927.49,14,13,0.0453,0.5642,0
U0005,1013.65,15787.41,10295.6,5,9,0.0642,0.0985,0
U0123,1037.69,41496.73,3291.05,7,2,0.025,0.3153,0
U0116,249.08,44576.82,7504.98,8,10,0.0056,0.0332,0
U0184,1755.26,60786.2,4040.29,12,18,0.0289,0.4344,0
U0086,429.6,37216.02,8912.33,10,0,0.0115,0.0482,0
U0011,338.94,76539.02,3416.6,13,4,0.0044,0.0992,0
U0083,915.63,62819.6,8176.12,3,11,0.0146,0.112,0
U0024,2275.97,27490.54,3460.35,4,8,0.0828,0.6577,0
U0018,2858.46,51678.5,4050.82,9,18,0.0553,0.7056,0
U0141,986.35,26829.96,9647.37,16,18,0.0368,0.1022,0
U0167,1182.07,47044.95,1073.35,14,10,0.0251,1.1013,0
U0124,685.06,36870.28,6143.87,19,3,0.0186,0.1115,0
U0196,3140.25,55087.28,11707.21,10,11,0.057,0.2682,0
U0218,1192.22,15111.26,2801.77,13,4,0.0789,0.4255,0
U0055,2455.98,8731.67,2645.5,9,0,0.2813,0.9284,0
U0198,1271.01,81824.68,1786.84,16,8,0.0155,0.7113,0
U0006,2715.4,66816.05,4822.67,12,16,0.0406,0.563,0
U0007,313.78,46534.13,9025.76,15,3,0.0067,0.0348,0
U0025,2297.02,26870.33,8451.1,10,11,0.0855,0.2718,0
U0025,2988.1,48058.68,7538.8,9,17,0.0622,0.3964,0
U0073,1169.75,38426.0,9117.48,10,14,0.0304,0.1283,0
U0034,329.58,27632.53,4744.49,7,16,0.0119,0.0695,0
U0240,653.8,27208.25,6464.39,8,10,0.024,0.1011,0
U0237,532.58,57229.16,3176.5,13,3,0.0093,0.1677,0
U0067,526.3,18110.66,8806.59,16,13,0.0291,0.0598,0
U0139,2761.13,71443.14,826.19,8,9,0.0386,3.342,0
U0136,3971.19,12604.01,7969.34,8,20,0.3151,0.4983,0
U0074,543.15,56202.46,9610.5,11,13,0.0097,0.0565,0
U0228,853.15,30295.24,8475.77,14,1,0.0282,0.1007,0
U0220,492.75,45360.66,10888.27,11,2,0.0109,0.0453,0
U0216,1711.02,68147.2,10038.73,15,8,0.0251,0.1704,0
U0071,5741.57,62274.1,6343.86,6,1,0.0922,0.9051,0
U0125,556.8,87421.05,11316.88,17,17,0.0064,0.0492,0
U0205,714.99,45406.91,6323.61,11,12,0.0157,0.1131,0
U0128,138047.35,75095.42,9619.36,7,35,1.8383,14.351,1
U0185,995.57,56234.19,3713.39,8,2,0.0177,0.2681,0
U0013,145343.56,29935.49,11081.63,12,41,4.8552,13.1157,1
U0059,3529.3,74706.62,3799.57,12,3,0.0472,0.9289,0
U0171,1653.07,10905.81,10306.38,16,8,0.1516,0.1604,0
U0075,1052.99,82092.0,5702.31,8,1,0.0128,0.1847,0
U0172,617.82,63733.13,11021.53,6,19,0.0097,0.0561,0
U0139,1199.95,10134.46,5254.66,6,17,0.1184,0.2284,0
U0040,930.16,54002.4,1834.78,14,13,0.0172,0.507,0
U0031,2222.58,61057.15,8828.84,12,6,0.0364,0.2517,0
U0121,907.7,14326.78,2298.69,6,12,0.0634,0.3949,0
U0221,586.94,20743.03,5790.6,8,15,0.0283,0.1014,0
U0111,2312.83,60461.01,10482.86,6,18,0.0383,0.2206,0
U0148,2110.92,82684.52,10025.93,14,15,0.0255,0.2105,0
U0120,1763.4,58678.03,5018.9,16,15,0.0301,0.3514,0
U0203,753.11,15412.06,7785.25,11,7,0.0489,0.0967,0
U0083,888.06,42442.27,2110.93,13,6,0.0209,0.4207,0
U0243,1194.29,35658.19,6417.84,11,7,0.0335,0.1861,0
U0131,1953.72,16642.51,4674.9,8,10,0.1174,0.4179,0
U0203,2275.4,68602.52,11251.68,11,3,0.0332,0.2022,0
U0152,349.6,80069.31,8521.48,7,19,0.0044,0.041,0
U0203,1305.81,38307.72,3639.73,13,1,0.0341,0.3588,0
U0077,1818.26,74653.98,7218.69,12,10,0.0244,0.2519,0
U0025,1701.36,86373.68,2212.26,6,10,0.0197,0.7691,0
U0043,862.46,80555.54,10385.92,3,1,0.0107,0.083,0
U0170,1375.49,50733.33,6439.79,5,7,0.0271,0.2136,0
U0061,2268.04,84692.09,1568.66,13,17,0.0268,1.4458,0
U0104,1423.66,26661.75,737.31,5,1,0.0534,1.9309,0
U0128,989.46,79021.79,1259.85,5,4,0.0125,0.7854,0
U0105,75367.97,81261.34,13296.93,19,2,0.9275,5.6681,1
U0187,1571.14,53837.15,9948.73,7,2,0.0292,0.1579,0
U0173,890.45,39226.86,2293.25,13,1,0.0227,0.3883,0
U0095,398.45,78840.0,10210.55,11,18,0.0051,0.039,0
U0218,920.98,60908.86,10744.83,13,8,0.0151,0.0857,0
U0050,706.99,84203.16,6130.62,9,6,0.0084,0.1153,0
U0153,430.4,54166.21,1660.53,9,20,0.0079,0.2592,0
U0026,109458.12,37715.28,14344.06,11,35,2.9022,7.6309,1
U0230,543.0,80593.38,3480.57,5,14,0.0067,0.156,0
U0188,398.65,38174.59,864.37,6,13,0.0104,0.4612,0
U0049,2106.89,29012.6,901.91,5,7,0.0726,2.336,0
U0027,174920.37,36755.01,12587.11,7,0,4.7591,13.8968,1
U0150,91278.75,37119.3,9973.72,3,12,2.4591,9.1519,1
U0214,2415.21,24532.23,11264.73,12,4,0.0985,0.2144,0
U0140,2812.63,20668.55,1391.93,11,11,0.1361,2.0207,0
U0140,88794.7,17405.38,11644.71,6,15,5.1016,7.6253,1
U0014,898.32,48584.45,5414.43,13,9,0.0185,0.1659,0
U0241,515.88,31857.99,2598.4,7,16,0.0162,0.1985,0
U0027,542.09,86275.01,9006.91,12,16,0.0063,0.0602,0
U0076,2338.85,29830.45,3483.44,11,7,0.0784,0.6714,0
U0086,4704.64,24697.14,8316.58,10,0,0.1905,0.5657,0
U0100,1007.79,57772.74,6932.16,9,11,0.0174,0.1454,0
U0038,1581.21,70174.68,5919.12,7,16,0.0225,0.2671,0
U0109,708.24,41632.78,11961.39,8,12,0.017,0.0592,0
U0046,1062.83,20324.11,592.18,6,10,0.0523,1.7948,0
U0090,1067.38,74566.0,3725.84,5,18,0.0143,0.2865,0
U0111,5115.8,67965.5,1613.73,8,19,0.0753,3.1702,0
U0153,1104.98,17320.34,9951.98,12,10,0.0638,0.111,0
U0010,1069.7,44107.43,11369.88,9,17,0.0243,0.0941,0
U0130,1793.01,84610.14,4326.08,11,14,0.0212,0.4145,0
U0040,643.91,84292.23,6098.09,9,0,0.0076,0.1056,0
U0042,1307.07,74096.37,8985.24,12,8,0.0176,0.1455,0
U0106,840.33,20605.19,5417.54,10,9,0.0408,0.1551,0
U0166,536.32,41859.47,4021.17,14,2,0.0128,0.1334,0
U0076,1197.39,89973.13,10496.91,16,10,0.0133,0.1141,0
U0098,1149.89,13924.36,8585.27,10,6,0.0826,0.1339,0
U0231,2720.66,46448.92,1218.3,15,14,0.0586,2.2332,0
U0116,1098.34,78989.96,2334.77,13,11,0.0139,0.4704,0
U0219,1583.63,30811.75,8025.95,12,7,0.0514,0.1973,0
U0123,2136.25,44302.38,10783.16,11,9,0.0482,0.1981,0
U0157,610.3,70153.58,7029.71,9,1,0.0087,0.0868,0
U0057,1246.42,31340.38,2795.81,4,12,0.0398,0.4458,0
U0048,780.1,70845.13,9191.99,8,10,0.011,0.0849,0
U0147,752.55,59795.98,1178.12,9,10,0.0126,0.6388,0
U0187,393.75,49880.91,4006.73,9,16,0.0079,0.0983,0
U0249,1133.71,34287.75,2535.46,6,5,0.0331,0.4471,0
U0247,664.69,20171.87,6654.44,9,5,0.033,0.0999,0
U0017,3209.05,37994.99,11849.62,4,4,0.0845,0.2708,0
U0133,485.58,18839.65,6159.75,11,8,0.0258,0.0788,0
U0005,4752.45,53877.87,11237.3,10,15,0.0882,0.4229,0
U0223,715.74,69132.09,4029.21,7,9,0.0104,0.1776,0
U0118,448.63,69575.7,4199.07,12,15,0.0064,0.1068,0
U0021,1547.84,49742.98,1111.85,20,10,0.0311,1.3921,0
U0225,416.68,24229.28,5807.87,13,0,0.0172,0.0717,0
U0187,1992.39,21004.52,4370.62,12,17,0.0949,0.4559,0
U0093,235.08,42904.1,8611.68,10,12,0.0055,0.0273,0
U0038,2399.22,88565.53,8179.19,12,14,0.0271,0.2933,0
U0028,1845.49,67719.67,5792.59,12,16,0.0273,0.3186,0
U0028,509.42,33912.19,11980.12,7,13,0.015,0.0425,0
U0196,1141.4,41989.27,6437.81,4,12,0.0272,0.1773,0
U0104,786.37,78662.67,6315.35,10,15,0.01,0.1245,0
U0038,673.53,22576.84,6257.0,17,2,0.0298,0.1076,0
U0126,1961.4,77533.58,1171.7,5,14,0.0253,1.674,0
U0192,1394.11,18520.07,8853.21,10,0,0.0753,0.1575,0
U0134,2831.6,33487.41,5995.76,13,19,0.0846,0.4723,0
U0231,144526.51,85060.29,11684.73,11,44,1.6991,12.3688,1
U0073,1811.74,52056.93,6897.84,11,16,0.0348,0.2627,0
U0148,687.36,10941.94,11511.41,7,2,0.0628,0.0597,0
U0055,941.03,9857.39,6627.28,9,3,0.0955,0.142,0
U0217,410.75,63163.79,9779.5,3,16,0.0065,0.042,0
U0247,1630.68,40808.53,8141.62,9,1,0.04,0.2003,0
U0148,213959.75,61877.52,13568.18,9,39,3.4578,15.7692,1
U0103,3567.46,74356.38,3143.9,16,4,0.048,1.1347,0
U0093,571.53,74781.64,839.31,7,8,0.0076,0.681,0
U0194,1078.83,88053.66,9507.91,12,12,0.0123,0.1135,0
U0111,3078.48,77592.15,5238.0,10,9,0.0397,0.5877,0
U0237,617.47,17357.29,5878.07,7,17,0.0356,0.105,0
U0008,1576.76,17551.29,11340.96,5,7,0.0898,0.139,0
U0143,1157.01,22700.38,7726.89,7,12,0.051,0.1497,0
U0172,4163.29,72713.84,1054.64,14,6,0.0573,3.9476,0
U0209,554.82,10888.77,8151.56,12,2,0.051,0.0681,0
U0080,2823.9,70418.7,10539.16,7,7,0.0401,0.2679,0
U0082,1501.21,62869.72,8138.1,10,5,0.0239,0.1845,0
U0147,1316.51,46636.41,7524.76,11,16,0.0282,0.175,0
U0246,478.29,70310.72,6156.99,10,2,0.0068,0.0777,0
U0134,759.42,34122.6,4795.55,9,9,0.0223,0.1584,0
U0083,587.96,19991.22,9189.62,9,10,0.0294,0.064,0
U0134,150872.85,87274.83,5703.16,9,39,1.7287,26.4543,1
U0183,186771.29,67369.94,8442.64,4,2,2.7723,22.1224,1
U0108,2578.95,79405.07,7245.95,9,13,0.0325,0.3559,0
U0014,632.08,23093.96,5485.99,7,7,0.0274,0.1152,0
U0002,1118.7,80955.77,9662.45,13,20,0.0138,0.1158,0
U0162,57032.42,19204.6,8404.58,6,15,2.9697,6.7859,1
U0241,807.14,56846.51,7291.39,7,2,0.0142,0.1107,0
U0145,1326.72,73839.27,4441.71,17,3,0.018,0.2987,0
U0144,945.54,58419.33,7537.7,12,15,0.0162,0.1254,0
U0036,1556.96,31617.43,7142.27,9,13,0.0492,0.218,0
U0006,1059.5,80099.89,9578.87,11,4,0.0132,0.1106,0
U0219,625.03,26189.19,6610.15,8,3,0.0239,0.0946,0
U0015,866.1,13773.2,7771.26,10,0,0.0629,0.1114,0
U0137,796.24,87227.67,1581.18,10,13,0.0091,0.5036,0
U0089,745.77,13823.79,6594.78,10,12,0.0539,0.1131,0
U0011,1774.63,74949.65,3010.34,7,4,0.0237,0.5895,0
U0137,706.14,24346.11,9858.54,10,4,0.029,0.0716,0
U0051,1813.97,34628.13,6383.17,12,12,0.0524,0.2842,0
U0168,947.49,39894.25,2386.89,9,13,0.0238,0.397,0
U0043,60448.78,67409.19,1791.87,9,45,0.8967,33.735,1
U0011,1766.33,53460.31,5813.94,15,7,0.033,0.3038,0
U0109,951.1,43372.12,8440.51,5,20,0.0219,0.1127,0
U0106,2089.01,67955.76,7699.42,11,8,0.0307,0.2713,0
U0150,840.94,42053.16,8445.15,11,16,0.02,0.0996,0
U0194,1701.44,55859.96,9185.91,11,11,0.0305,0.1852,0
U0039,2392.47,48523.0,9049.38,6,9,0.0493,0.2644,0
U0112,913.66,62271.04,10421.39,8,20,0.0147,0.0877,0
U0157,1414.26,87818.08,8655.02,9,3,0.0161,0.1634,0
U0229,1466.96,60697.96,6389.81,7,7,0.0242,0.2296,0
U0245,1151.38,20659.55,11001.94,8,11,0.0557,0.1047,0
U0148,2686.02,58693.6,6561.96,6,18,0.0458,0.4093,0
U0101,929.68,30668.84,2666.3,18,1,0.0303,0.3487,0
U0152,126112.66,68317.02,2739.67,10,12,1.846,46.0321,1
U0202,1268.76,55714.04,1310.56,12,10,0.0228,0.9681,0
U0193,770.18,53428.01,2310.83,7,13,0.0144,0.3333,0
U0037,584.49,34513.93,3058.21,10,19,0.0169,0.1911,0
U0058,4067.81,76899.17,1023.23,11,6,0.0529,3.9755,0
U0139,991.04,72610.61,10318.17,9,6,0.0136,0.096,0
U0182,74328.09,24412.92,941.6,8,18,3.0446,78.9378,1
U0225,1427.74,37478.56,4613.78,10,3,0.0381,0.3095,0
U0097,714.05,88495.23,2551.81,5,7,0.0081,0.2798,0
U0148,1333.4,32105.75,2357.21,14,2,0.0415,0.5657,0
U0156,333.66,37606.21,11515.8,10,1,0.0089,0.029,0
U0040,520.02,80966.36,10093.14,8,7,0.0064,0.0515,0
U0167,2638.24,61548.07,11897.27,10,9,0.0429,0.2218,0
U0119,2793.58,32220.96,11284.24,11,12,0.0867,0.2476,0
U0169,548.32,29370.6,4231.96,10,7,0.0187,0.1296,0
U0203,1603.83,67531.13,5506.82,12,1,0.0237,0.2912,0
U0206,1266.3,73353.12,9247.47,8,2,0.0173,0.1369,0
U0135,1030.57,85021.41,9725.59,3,12,0.0121,0.106,0
U0250,822.12,27856.59,10050.25,9,1,0.0295,0.0818,0
U0062,1337.75,68136.28,8101.37,19,17,0.0196,0.1651,0
U0067,570.08,45782.7,6044.26,8,19,0.0125,0.0943,0
U0088,1271.97,35155.93,1816.83,10,16,0.0362,0.7001,0
